"V1","V2","V3","V4","V5","V6","V7","V8","V9","V10","V11","V12","V13"
11.96,7.63,15.27,0.41,0.65,6.48,79.35,3.37,11.74,491.84,13.9,10.2,27.68
1.52,-11.85,15.84,0.22,0.6,5.74,61.36,2.6,6.03,402.66,14.68,17.02,19.61
-5.97,-8.85,8.29,0.22,0.59,5.95,84.96,2.49,2.87,225.54,18.76,12.95,19.41
6.05,10.23,11.83,0.18,0.63,6.89,83.15,3.78,13.17,572.71,15.2,9.9,30.33
1.6,-16.14,22.71,-0.04,0.7,4.69,86.83,3.53,17.03,569.31,20.96,21.02,9.11
-9.81,-14.14,8.23,0.11,0.59,6.06,62.5,3.59,12.85,361.38,18.33,21.04,17.74
4.45,18.34,17.4,0.17,0.51,6.58,85.44,3.27,2.68,344.44,20.58,12.89,27.96
11.66,40.22,12.65,0.07,0.57,6.88,60.47,4.93,13.13,396.53,17.77,13.5,17.62
-6.43,25.17,9.87,0.28,0.49,6.86,78.33,4.58,10.62,269.13,15.36,10.87,35.32
10.74,-2.25,2.91,-0.04,0.45,5.54,49.08,3.89,7.21,233.46,18.43,11.98,20.82
8.23,51.25,7.66,-0.12,0.52,6.78,56.89,5.87,19.89,505.89,21.34,7.61,20.49
12.27,3.11,17.67,0.09,0.64,4.3,87.6,5.02,18.2,585.2,22.59,27.93,-0.33
-7.25,9.68,11.23,-0.08,0.59,6.47,35.15,5.11,13.22,439.42,17.77,7.67,28.33
-1.37,-27.67,12.78,-0.01,0.62,7.5,104.44,0.7,16.34,471.78,18.44,0.4,32.91
-6.97,42.61,2.6,0,0.49,6.59,60.7,6.58,-2.55,239.62,18.7,1.06,27.75
8.14,18.46,1.08,0.14,0.3,7.08,48.96,5.23,3.59,259.69,20.94,5.13,34.7
8.86,-7.32,17.21,-0.15,0.62,5.3,84.51,1.66,13.98,536.01,21.25,21.53,10.21
3.29,62.94,5.26,-0.15,0.54,5.96,36.57,5.11,5.27,418.45,16.03,14.44,24.98
5.65,52.36,7.01,0.38,0.55,6.46,66.55,4.4,11.11,348.96,19.22,10,31.93
2.52,51.68,2.23,-0.29,0.43,6.38,64.91,6.61,11.21,519.53,18.3,9.2,24.57
12.63,24.54,6.05,-0.02,0.46,5.13,67.51,4.66,5.46,359.64,19.27,21.62,5.22
21,32.25,7.92,-0.48,0.54,5.79,60.57,4.54,10.91,391.05,17.81,16.72,19.86
16.31,-17,15.69,-0.01,0.75,6.74,105.53,-0.6,19.94,592.01,19.64,10.55,31.8
2,-4.74,26.06,0.07,0.85,5.89,93.91,1.46,15.43,626.97,19.19,16.27,18.81
-8.03,7.12,13.25,-0.07,0.47,6.47,67.95,4.37,7.14,356.47,19.22,10.45,20.54
25.06,-12.88,22.04,0.52,0.69,5.79,98.27,1.11,20.15,684.69,19.95,21.26,12.39
-1.84,21.27,8.75,0.24,0.61,6.64,95.24,4.59,7.71,356.22,18.07,14.37,25.67
-6.92,-22.32,15.34,0.42,0.59,6.05,74.76,2.57,0.54,168.62,18.77,9.22,25.05
9.15,-10.28,14.44,0.23,0.56,6.03,98.14,2.11,19.21,544.42,23.38,16.09,19.02
15.53,3.1,12,0.24,0.56,5.69,85.3,4.58,15,565.66,18.48,18.79,10.82
2.11,23.96,8.34,0.52,0.56,6.82,71.03,3.9,18.43,568.83,14.54,11.31,34.24
-3.36,38.88,6.57,0.29,0.47,6.55,8.97,5,12.65,442.35,18.9,2.52,25.49
5.78,-55.67,24.91,0.11,0.71,4.74,149.65,-2.17,4.87,512.49,19.63,32.12,9.32
5.71,8.39,9.4,-0.18,0.63,6.27,103.75,4.06,11.9,404.24,15.76,21.91,16.31
23.22,1.59,14.41,-0.46,0.54,5.19,61.95,3.32,11.68,432.02,23.16,19.68,6.79
12.42,17.21,19.35,0.1,0.61,5.91,107.7,1.06,14.35,521.09,17.79,21.57,23.44
12.28,-2.52,8.85,-0.13,0.58,6.95,95.98,1.7,15.27,453.06,16.66,16.23,26.35
4.23,41.85,11.68,-0.25,0.43,5.75,69.5,6.62,3.23,459.65,16.96,11.3,19.48
-0.23,9.53,11.14,-0.27,0.49,5.69,54.69,5.32,9.27,329.01,18.29,21.43,30.08
11.59,28.23,14.45,0.05,0.52,5.68,95.6,2.38,17.19,565.84,18.77,19.35,26.53
4.86,27.27,13.9,0.38,0.7,5.66,94.59,3.82,24.35,607.93,19.66,28.28,15.14
2.4,5.09,9.08,0.2,0.55,6.05,81.24,1.55,17.62,535.89,19.13,19.04,14.98
1.43,42.3,-4.99,0.03,0.3,6.3,26.39,4.8,0.71,108.93,17.05,9.58,28.85
-2.93,57.75,7.89,-0.32,0.52,5.4,7.56,7.34,0.24,311.38,15.56,18.52,9.93
2.93,9.48,7.56,0.31,0.41,6.38,61.05,4.23,-0.08,276.09,16.39,18.6,16.19
0.73,-29.24,25.66,0.17,0.81,6.74,167.36,-1.5,20.82,715.75,19.67,23.57,15.62
15.43,14.6,-0.63,0.46,0.52,4.99,-5.03,6.8,5.98,318.5,14.62,22.39,18.99
2.7,-9.92,3.06,0.57,0.52,6.04,41.69,4.24,10.32,346.65,20.44,14.7,26.73
9.19,-10.64,20.83,0.23,0.59,6.7,107.28,0.25,16.12,494.5,18.91,13.29,25.27
2.14,26.78,13.29,0.06,0.45,4.37,46.6,5.24,8.18,412.47,23.6,20.25,5.45
-4.98,-10.95,17.86,0.17,0.6,5.51,95.45,4.47,12.44,570.33,22.71,20.11,-3.07
7.02,21.06,10.78,-0.42,0.47,6.28,75.36,4.23,9.57,380.59,19.5,13.93,28.98
5.55,10.97,12.03,0.61,0.53,6.11,51.3,2.5,0.26,332.45,16.29,8.38,24.23
1.96,18.07,7.45,-0.19,0.38,6.27,6,7.05,-3.48,191.53,12.02,7.46,29.35
1.46,3.91,15.89,0.02,0.52,5.84,86.95,4.56,14.13,590.21,16.99,14.22,28.15
0.8,14.92,8.08,0.4,0.53,6.99,47.59,3.72,-0.81,236.38,16.97,11.1,23
12.31,-1.97,20.3,0.26,0.7,7.33,102.45,1.38,28.22,771.39,18.09,11.45,30.28
9.78,-44.02,21.43,0.8,0.73,5.46,118.72,-0.87,14.64,426.06,17.17,21.13,18.42
-1.75,16.91,-1.91,-0.16,0.45,6.51,93.39,3.92,-4.41,110.08,17.74,16.35,24.23
-10.21,26.58,9.36,0.03,0.52,7.59,60.23,5.38,-0.46,262.89,13.45,7.19,47.53
-3.97,35.69,1.61,0.24,0.4,7.8,51.9,7.27,6.77,305.91,19.52,5.65,25.64
-3.21,18.03,5.62,-0.23,0.54,6.41,80.94,3.76,6.54,279.74,19.92,13.24,29.14
5.02,4.23,11.19,-0.45,0.35,7.48,58,2.91,12.51,440.54,20.95,13.07,36.07
-5.57,23.69,10.91,0.44,0.59,6.06,61.18,4.5,10.66,422.22,19.38,10.86,27.75
11.43,31.06,7.44,-0.07,0.34,6.47,28.74,7.1,2.94,260.39,20.29,5.67,23.16
9.22,17.87,10.51,0.38,0.55,7.3,60.59,4.17,20.81,562.12,16.96,10.77,27.54
7.51,36.99,4.5,-0.28,0.53,7.2,76.66,4.56,3.01,260.03,15.53,13.16,31.94
23.39,-4.32,9.17,0.15,0.62,6.4,91.84,4.49,12.22,512.41,15.74,5.3,16.26
1.29,-15.81,13.71,0.37,0.51,6.24,66.58,3.82,2.89,324.37,16.97,7.81,24.51
-0.49,44.67,7.11,-0.08,0.54,6.17,48.13,3.85,11.45,357.24,15.04,12.88,33.18
14.7,49.98,2.41,0.13,0.38,7.74,7.53,6.73,4.86,238.71,19.18,5.22,30.53
4.34,39.7,4.24,0.13,0.44,6.58,61.87,5.88,3.32,283.74,18.29,10.5,27.68
-9.51,11.37,1.58,0.09,0.33,6.07,48.7,5,-13.64,-45.89,17.35,10.89,30.02
-0.05,24.08,2.81,0.44,0.48,6.6,48.39,5.37,2.35,275.8,12.83,4.62,35.55
-14.57,34.03,-5.89,0.15,0.24,6.71,23.28,8.58,-7.52,59.6,18.66,-8.04,33.75
-9.43,6.75,2.46,-0.07,0.46,7.61,62.73,4.62,5.19,264.62,16.79,8.04,39.18
3.36,5.85,10.47,0.19,0.52,6.59,81.55,4.38,0.34,242.46,18.59,9.97,28.52
10.94,25.65,3.08,-0.42,0.42,6.74,48.03,6.97,12.71,455.43,19.63,11.87,20.71
-4.43,-7.38,14.86,0.18,0.58,6.75,77.3,2.32,9.66,481.35,19.57,11.27,26.7
5.95,40.46,3.49,-0.23,0.41,5.76,29.24,7.01,5.02,291.61,21.54,10.41,9.01
1.5,49.23,9.9,0.14,0.43,6.77,45.54,4.62,-2.17,261.2,16.91,5.37,23.81
22.39,-6.01,26.02,0.31,0.74,6.37,110.65,0.18,28.38,718.05,20.44,18.02,30.12
11.63,21.73,12.35,0.13,0.64,6.1,65.74,4.38,16.03,607.39,19.86,16.85,18.6
-15.25,33.52,7.27,-0.01,0.44,6.81,37.96,6.62,0.77,290.23,18.29,0.63,22.3
-4.98,40.41,6.45,0.09,0.54,7.38,64.01,5.34,3.5,263.78,15.84,6.2,38.01
4.42,8.41,13.24,0.38,0.36,5.85,41.07,5.4,1.31,230.66,17.54,8.79,23.92
6.47,33.24,13.08,-0.09,0.41,6.77,56.04,5.23,6.45,338.32,19.58,7.69,24.18
-6.27,7.65,17.4,0.44,0.65,8.12,80.94,3.19,11.17,421.38,19.29,2.36,43.35
11.08,8.08,18.18,0.22,0.68,6.09,90.15,2.04,19.52,661.56,18.45,23.8,16.57
-4.6,33.95,-2.59,0.08,0.34,6.46,28.24,7.6,-2.25,164.52,17.03,11.06,19.4
3.59,-30.38,18.17,-0.12,0.64,5.34,105.13,2.29,13.68,457.84,21.47,13.5,14.11
16.75,-5.78,17.12,0.11,0.55,7.12,76.54,2.41,4.03,393.28,17.88,12.13,28.26
6.1,31.81,14.99,0.1,0.56,5.26,79.21,5.93,18.53,635.45,20.57,14.12,15.77
6.05,13.49,7.63,0.54,0.48,7.65,49.17,4.21,2.49,329.89,18.19,9.74,17.81
2.02,-29.56,21.72,-0.2,0.67,6.26,118.38,0.04,19.08,549.07,20,16.69,14.16
-2.4,31.37,5.68,-0.09,0.48,4.87,31.72,5.54,1.08,176.28,18.18,12.51,27.66
9.2,2.98,7.43,-0.04,0.58,6.07,94.92,2.57,7.23,324.98,17.53,13.7,20.77
-4.14,3.41,14.21,-0.27,0.54,6.29,46.14,2.01,10.77,417.67,20.07,16.77,19.72
3.29,10.14,7.85,-0.56,0.55,5.47,73.38,4.97,8.68,483.98,19.7,15.06,8.57
21.44,9.63,13.55,-0.03,0.51,4.89,50.33,4.69,28.54,761.13,22.86,23.14,-0.18
15.3,3.61,16.98,0.54,0.67,5.98,102.4,1.82,17.74,552.7,18.75,12.5,21.47
6.41,20.64,8.06,-0.02,0.45,7.1,49.57,4.38,3.86,220.72,14.88,3.68,33.17
4.41,2.15,13.67,0.06,0.47,6.27,50.89,3.4,11.06,488.59,19.08,11.57,30.05
7.72,38.45,5.7,-0.21,0.48,7.27,60.14,6.02,19.1,635.09,17.56,9.44,23
-3.63,-18.36,12.53,0.1,0.61,7.12,134.21,1.35,3.86,309.28,18.11,12.6,26.06
-2.44,12.6,5.04,0.01,0.48,6.32,64.87,3.89,3.56,233.12,19.07,6.93,39.37
-9.49,24.76,12.23,0.42,0.45,6.59,62.34,4.03,0.44,303.04,17.43,4.8,37.93
9.35,11.27,20.98,0.41,0.52,6.45,91.04,2.54,2.88,289.8,21.91,20.43,24.72
16.94,45.52,9.15,0.23,0.65,7.03,46.38,5.27,22.67,598.21,17.17,7.92,23.56
8.29,1.77,15.31,-0.1,0.58,4.48,74.39,3.09,9.99,436.87,21.06,18.19,8.52
11.09,9.76,14.68,0.49,0.63,6.49,94.46,2.61,12.07,514.27,21.06,19.31,19.69
5.68,-15.98,11.3,0.12,0.63,6.07,69.85,3.79,17.46,518.15,17.81,17.21,14.31
4.9,5.49,15.79,-0.09,0.69,5.71,86.52,3.75,11.69,500.3,21.26,21.71,8.32
3.33,10.29,13.41,0.16,0.53,6.25,60.26,4.05,0.62,250.85,17.99,16.06,17.35
16.34,-22,21.14,0.23,0.79,5.71,111.24,0.22,12.86,444.17,18.33,28.14,10.74
6.91,40.83,5.93,-0.29,0.51,6.48,38.93,7.79,5.22,349.28,17.36,6.92,19.18
-14.92,27.08,2.41,0.07,0.42,5.83,23.41,6.95,-0.5,144.75,19.03,15.76,18.78
16.18,-6.16,13.29,-0.25,0.62,6.18,90.36,0.85,13.42,442.31,19.21,15.26,13.52
8.01,-3.99,15.86,-0.07,0.68,6.34,111.38,1.22,22.41,741.29,24.99,18.25,11.3
2.95,24.52,13.87,-0.07,0.57,6.66,90.32,2.1,1.98,277.52,16.8,11.22,19.55
6.4,37.45,6.87,0.1,0.54,5.04,62.55,4.8,1.15,355.43,19.09,19.47,4.16
-3.25,10.14,7.66,0.14,0.43,6.64,28.26,6.5,6.41,337.72,19.04,-0.54,29.1
18.37,13.47,21.33,-0.05,0.77,5.33,91.7,1.86,25.59,675.07,19.39,23.66,4.28
-4.38,52.24,2.61,0.02,0.52,6.76,43.17,6.64,-3.02,188.49,17.02,2.51,34.66
3.65,25.24,7.41,0.03,0.49,6.18,42.61,6.72,-1.69,170.99,18.26,10.72,15.92
-6.49,49.44,10.61,0.38,0.6,6.37,49.79,5.35,6.34,383.33,17.69,11.79,25.43
13.48,26.34,21.06,-0.34,0.73,6.15,89.56,2.2,20.6,631.82,18.49,20.11,15
-7.12,-7.91,6.46,0.01,0.46,6.72,62.64,3.53,-12.03,23.79,16.38,-3.21,35.07
9.42,49.8,14.17,0.14,0.57,6.5,64.99,4.9,18.22,582.33,17.12,15.48,19.98
1.81,24.28,10.74,-0.04,0.57,6.35,63.83,1.37,-0.78,258.55,18.42,7.23,22.09
3.72,14.67,10.46,0.38,0.59,5.31,66.5,3.01,0.63,156.57,17.49,9.07,25.7
5.73,29.58,-0.67,-0.13,0.51,7.49,66.02,4.46,1.5,263.18,16.27,9.74,33.41
-2.22,27.99,9.25,0.14,0.59,7.67,66.27,3.62,12.55,470.31,16.23,2.99,31.56
24.26,7.14,8.3,0.21,0.45,5.98,58.81,4.53,14.83,458.04,19.98,9.8,17.38
-3.99,-12.84,9.63,-0.29,0.38,6.1,67.89,4.76,-1,212.98,23.06,12.67,19.48
-15.48,-5.66,-3.36,0.01,0.39,6.89,35.97,6.64,-4.18,29.41,18.05,3.86,38.51
-0.16,-5.74,10.74,0.02,0.52,7.05,85.2,1.5,-6.24,125.49,16.42,11.13,31.47
-8.87,42.79,0.48,0.51,0.32,6.78,51.01,4.67,-7.28,46.95,15.89,6.53,42.51
5.28,11.3,17.12,0.04,0.6,5.71,84.2,2.01,-1.63,218.23,19.59,13.84,10.32
-0.84,44.35,1.26,-0.11,0.42,6.48,39.47,8.48,5.84,246.05,15.26,13.16,21.64
8.76,19.75,6.09,-0.15,0.51,6.42,61.06,3.41,9.3,412.16,17.28,12.41,25.74
4.6,-4.62,17.58,-0.04,0.62,6.49,69.87,2.6,21.84,643.5,20.05,22.56,18.31
-7.25,29.98,-4.87,-0.12,0.32,7.69,12.34,7.73,-2.08,143.76,18.68,-4.77,40.49
11.27,20.4,16.64,-0.28,0.45,6.71,42.64,3.93,10.39,489.08,20.62,15.23,19.88
-8.01,9.49,-9.12,0.52,0.26,6.11,23.13,7.33,-2.96,74.68,17.51,4.88,27.73
-8.1,40.48,6.85,-0.12,0.38,6.06,31.89,6.55,-7.57,79.45,15.41,6.69,24.75
-6.07,27.07,4.95,0,0.38,7.14,71.24,4.89,2.17,270.07,18.57,6.91,17.71
-8.68,27.94,2.37,-0.33,0.52,5.89,42.67,5.46,10.91,382.04,21.22,12.01,10.7
2.09,4.02,14.73,0.17,0.64,7.31,90.23,2.03,16.32,487.05,19.11,10.74,32.01
4.93,14.21,11.01,0.03,0.61,6.5,88.3,2.04,17.34,564.43,19.09,11.33,18.71
0.85,26.48,2.7,-0.3,0.44,5.75,43.68,6.54,11.2,392.61,21.21,15.96,21.61
11.12,-0.89,13.56,-0.42,0.55,6.53,89.93,2.55,3.05,309.68,20.04,15.75,19.32
-6.72,22.68,8.85,0.2,0.57,6.47,60.41,5.04,6.7,474.04,16.51,7.88,29.89
16.25,12.23,12.45,-0.3,0.56,5.92,96.01,2.09,13.56,491.87,16.24,20.68,10.2
8.32,-8.9,21.41,-0.13,0.75,5.69,111.88,1.93,30.66,838.45,21.95,22.18,6.17
-1.96,51.09,13.65,-0.07,0.49,7.16,18.86,5.4,8.43,381.26,17.95,5.64,24.05
6.41,19.51,8.89,0.27,0.65,5.67,84.57,3.9,0.68,272.36,17.6,20.03,10.63
9.58,55.99,10.55,0.02,0.56,6.86,57.48,2.85,-0.21,316.95,15.06,8.43,26.01
8.26,-25.94,14.28,0.21,0.63,6.61,132.35,2.47,12.42,462.78,16.56,11.95,18.66
1.54,6.7,15.2,-0.03,0.54,7.44,65.15,2.74,11.85,444.17,17.1,4.94,31.81
-0.63,24.98,4.25,0.44,0.54,6.11,34.18,6.9,11.24,382.69,20.47,8.28,27.19
5.62,-19.23,10,0.05,0.57,6.04,107.55,3.24,18.84,488.26,21.81,16.64,14.4
1.22,-42.43,17.19,0.16,0.64,6.33,103.24,0.71,19.76,699.01,22.22,20.61,17.85
4.16,-34.84,19.45,-0.12,0.74,5.07,125.52,0.03,12.58,454.13,17.53,20.38,11.43
9.78,26.54,13.03,0.11,0.65,5.6,56.72,3.76,24.65,561.06,18.94,17.12,22.44
-9.12,0.9,10.98,0.13,0.61,7.14,115.03,0.23,6.89,306.65,18.6,16.16,31.75
-1.75,37.08,4.45,-0.23,0.58,6.45,67.56,3.9,3.46,288.39,16.76,9.95,30.88
-4.45,10.42,3.16,0.5,0.49,7.7,84.1,4.44,14.97,421.71,18.27,11.93,30.97
-16.44,-6.45,13.93,0.19,0.55,6.57,49.03,5.59,-0.55,283.66,19.77,4.14,26.69
5.17,-0.04,10.11,0.21,0.48,6.88,79.29,2.48,6.66,358.51,19.85,9.97,33.98
-5.32,32.99,3.11,-0.3,0.46,6.93,46.72,6.51,1.07,232.41,14.59,5.14,31.93
12.32,-37.05,29.06,0.38,0.88,5.96,142.93,-1.95,16.73,637.21,20.14,23.04,13.53
8.51,-4.69,16.91,-0.15,0.62,6.38,65.05,4.05,18.73,655.46,19.48,11.53,16.24
-8.27,-10.64,19.06,0.5,0.58,7.49,72.18,1.98,-3.17,261.58,15.55,3.22,31.63
2.48,5.4,14.11,0.13,0.49,5.46,33.94,7.49,3.37,262.68,17.52,16.96,12
7.05,18.68,8.65,0.08,0.5,6.32,48.57,5.09,17.86,541.92,18.17,12.91,23.51
7.09,19.19,2.27,0.09,0.63,7.2,75.54,3.3,10.46,305.09,16.33,8.1,33.84
15.03,11.83,7.3,0.17,0.58,6.21,88.59,4.76,17.62,482.39,19.43,18.18,16.08
-11.16,35.35,13.07,0.3,0.53,6.82,68.07,4.1,11.3,470.55,18.1,-0.49,24.29
6.53,-4.38,8.67,0.11,0.43,5.17,50.83,4.25,-3.81,191.87,19.78,19.11,12.14
7.05,-15.58,11.65,0.47,0.56,6.07,75.57,1.66,18.09,451.39,21.32,12.52,22.13
-1.12,2.91,10.4,0.14,0.7,5.88,94.28,2.96,3.82,321.26,20.95,18.28,11.34
5.12,30.21,16.12,-0.02,0.53,5.85,71.27,7.47,5.36,385.79,20.55,16.24,16.79
8.72,21.88,7.16,0.06,0.47,7.7,58.31,3.77,3.98,331.49,15.36,2.66,36.49
10,-14.49,23.87,0.6,0.69,5.63,88.34,1.16,20.15,672.03,17.52,22.48,14.16
-2.95,5.06,9.36,0.09,0.53,6.6,71.92,2.96,10.04,352.77,17.39,2.3,41.05
-4.03,-6.27,8.07,0.21,0.51,7.1,50.95,2.89,6.56,219.32,16.6,2.26,36.04
4.14,-4.8,18.07,0.18,0.59,6.96,84.55,3.02,12.73,482,16.03,13.3,25.29
6.39,4.78,6.12,-0.29,0.55,6.08,90.6,2.67,16.45,479.86,18.41,16.7,20.84
11.86,3.94,15.83,0.06,0.69,5.89,80.96,2.12,13.06,477.4,18.22,9.65,23.62
5.7,44.24,12.12,-0.07,0.43,6.22,45.92,6.44,6.32,362.77,19.04,10.55,21.03
13.37,-29.27,23.49,-0.11,0.79,4.83,73.65,-0.46,22.18,675.9,21.41,20,14.6
-5.55,-34.07,14.17,0.39,0.66,5.95,74.23,2.17,10.37,473.26,17.46,2.79,19.34
3.97,40.91,13.66,0.24,0.65,4.3,59.71,5.68,6.65,411.28,15.93,26.57,5.21
-0.19,27.69,13.02,0.12,0.54,6.05,62.44,4.8,12.33,556.9,18.92,8.8,18.86
-4.86,0.74,3.08,0.26,0.49,6.92,60.45,4.72,3.3,176.56,19.16,9.21,32.92
20.14,7.87,9.66,0.18,0.64,6.46,71.46,3.63,16.18,549.97,20.54,14.24,19.21
14.87,6.79,14.55,0.61,0.62,6.31,128.08,3.05,11.24,456.96,18.49,21.26,20.17
3.81,-3.41,2.12,0.01,0.51,7,60.61,4.34,1.03,163.23,16.09,4.84,21.43
5.16,47.11,10.15,0.01,0.51,6.21,52.85,4.09,6.86,265.2,18.82,11.1,21.29
0.49,3.12,11.5,0.38,0.54,6.25,28.12,5.14,4.39,350.16,16.76,4.79,27.74
11.33,-5.74,15.57,0.31,0.69,6.46,74.86,-0.08,5.1,397.33,15.44,14.21,20
19.33,4.9,14.23,0.08,0.64,5.87,79.34,0.84,17.68,522.83,17.82,17.43,24.99
13.08,10.83,4.29,0.36,0.53,6.71,80.86,4.12,4.52,201.6,17.34,20.37,23.33
5.36,15.96,5.07,0.29,0.57,7.29,30.59,3.51,5.15,327.07,14.78,0.07,31.33
1.76,4.05,6.95,0.76,0.65,7.01,76.04,2.48,5.97,236.63,15.18,8.02,32.57
-0.78,40.78,4.17,0.24,0.46,7.49,49.27,5.37,0.02,180.28,14.42,6.93,34.41
12.27,-5,9.99,0.47,0.74,6.78,112.65,-0.31,14.54,569.61,16.73,10.75,27.89
-13.23,23.02,4.84,0.36,0.39,7.63,57.55,4.2,-5.67,207.21,15.65,2.83,38.48
5.62,-16.2,12.89,0.02,0.72,7.32,85.03,2.16,22.99,559.46,21.93,12.89,28.44
-10.28,18.1,1.98,0.42,0.55,5.77,49.64,3.54,4.75,316.14,18.39,10.35,29.31
1.01,5.96,-1.94,-0.08,0.45,6.56,65.36,4.94,7.55,325.03,16.04,5.61,35.86
6.41,-10.02,19.63,0.05,0.65,6.6,97.38,0.94,8.82,517.98,21.7,15.21,17.26
-3.38,51.98,1.9,-0.15,0.53,6.15,86.53,6.93,2.9,321.1,16.68,23.78,12.44
13.64,19.25,17.15,0.3,0.7,5.81,54.74,3.34,22.32,646.1,15.6,15.3,21.96
11.03,-5.8,12.5,-0.01,0.53,5.9,61.1,3.4,10.57,446.08,18.83,21.15,27.35
11.05,9.78,4.24,0.38,0.51,7.05,80.84,4.13,0.42,293.77,18.25,5.56,34.93
-0.59,10.86,14.59,0.09,0.51,6.74,88.24,3.32,4.61,382.81,18.6,11.02,19.59
-0.37,27.46,21.09,0.22,0.65,6.23,69.13,3.08,10.17,473.43,17.26,15.7,25.09
-13.11,61.46,-4.81,-0.04,0.22,7.04,-6.46,9.39,-7.04,189.94,12.91,-6.25,35.3
-7.13,43.43,4.39,0.07,0.3,5.69,16.8,7.61,-5.98,165.2,17.35,3.79,27.1
22.15,10.3,1.62,-0.23,0.65,4.98,58.5,3.73,19.92,537.47,21.9,17.77,4.87
3.3,41.78,16.81,-0.04,0.56,6.02,37.29,6.23,-3.24,359.07,16.08,8.44,26.13
16.12,2.14,23.41,0,0.65,7.38,113.72,1.53,34.46,836.87,19.13,11.74,18.73
17.3,-10.8,17.22,0.44,0.54,4.91,49.41,4.63,8.16,415.67,20.94,13.01,5.86
15.89,8.91,9.34,-0.33,0.55,6.37,41.02,4.56,22.49,598.16,17.78,12.53,24.68
-2.27,17.68,10.41,0.16,0.4,5.78,77.05,4.84,7.87,423.12,20.19,11.16,19.58
0.84,-13.31,25.82,0.15,0.78,5.27,125.36,-0.44,4.98,461.37,17.82,27.62,5.04
-6.79,30.42,8.45,0.54,0.64,6.98,113.11,2.25,5.1,339.28,14.45,8.93,33.29
12,54.41,0.85,-0.1,0.29,7.55,33.41,7.7,3.2,209.35,19.07,0.93,35.69
-2.68,8.91,6.05,-0.09,0.37,6.77,35.74,4.78,4.07,264.88,17.69,-1.67,30.65
14,25.95,19.09,0.08,0.47,6.46,55.81,2.78,16.63,602.32,16.87,14.69,18.13
-3.2,53.29,11.25,-0.28,0.61,5.91,59.45,5.38,12.36,576.43,17.6,13.09,15.33
17.39,49.73,7.91,0.25,0.6,6.33,84.24,5.53,15.35,520.32,16.49,11.92,17.05
3.99,2.58,15.67,0.11,0.6,6.58,61.55,4.51,10.96,457.55,19.96,13.5,15.06
-3.43,16.77,12.02,0.04,0.49,5.58,61.64,4.38,3.52,313.05,21.15,15.23,17.1
8.83,25.83,4.69,-0.02,0.56,6.69,44.33,5.46,13.68,457.62,16.5,7.06,27.73
1.63,7.81,9.08,-0.18,0.53,6.52,52.74,2.38,9.46,301.06,18.34,1.63,31.7
8.56,21.85,10.81,-0.12,0.51,6.5,48.08,4.07,0.52,319.5,17.92,10.43,31.46
-0.4,-13.76,20.78,-0.05,0.62,5.69,102.69,1.65,16.49,639.54,20.47,21.28,6.85
2.78,1.71,12.95,-0.11,0.66,6.84,107.17,2.38,15.5,510.42,18.67,11.68,22.67
15.16,-16.09,7.37,0.22,0.66,6.7,38.56,3.53,15.52,437.68,17.24,3.05,23.37
-14.37,12.75,4.73,0.15,0.52,6.37,49.8,5.33,-4.97,101.75,16.56,4.41,35.67
-1.93,27.32,13.64,0.12,0.52,6.64,60.24,5.6,-3.41,265.07,16.84,14.98,24.42
7.89,41.64,6.1,0.2,0.49,7.03,62.89,5.37,0.27,120.36,13.72,0.33,32.77
5.17,5.31,19.17,0.36,0.72,6.74,80.24,2.41,18.87,628.58,17.7,15.12,19.69
-7.56,35.05,-3.51,-0.11,0.34,7.72,13.13,7.59,-9.37,-43.07,16.4,2.39,33.08
3.84,8.59,10.31,-0.25,0.57,6.1,78.68,3.19,5.87,361.65,19.78,13.86,21.42
-4.01,19.07,-3.16,-0.05,0.43,7.74,27.36,5.43,9.88,421.76,18.85,1.6,37.49
-3.94,12.63,4.7,0.42,0.42,5.51,45.01,5.12,6.64,325.32,20.37,16.49,22.16
-10.83,20.53,10.23,-0.03,0.47,6.69,51.49,5.18,-0.42,146.36,16.79,5.88,27.17
6.35,82.38,3.31,0.37,0.43,7.85,59.9,5.66,-0.1,194.48,14.38,3.79,37.97
3.29,-15.92,11.14,-0.4,0.56,6.66,99.87,3.38,5.49,263.2,18.22,9.95,24.87
2.35,39.28,-5.88,-0.17,0.35,6.72,20.9,8.81,-7.51,50.9,18.08,2.87,18.13
3.54,34.22,4.44,0.52,0.46,6.19,37.42,6.33,3.89,320.98,15.88,2.38,29.42
14.39,35.44,14.1,0.81,0.65,7.74,61.83,3.96,16.55,532.56,16.79,5.38,37.53
-2.78,42.34,-0.79,-0.46,0.4,6.96,61.07,4.83,-4.84,198.12,17.75,5.67,29.9
8.15,35.35,12.21,-0.08,0.54,5.88,70.99,7.05,22.85,608.45,18.28,25.37,9.72
8.52,24.3,14.08,-0.41,0.54,6.27,80.97,3.2,14.24,536.73,19.05,19.33,11.57
1.98,7.68,17.35,0.01,0.61,6.12,88.17,3.23,10.85,427.43,18.79,20.27,12.11
2.75,27.89,0.41,0.25,0.43,6.88,32.9,4.45,-2.82,187.08,14.58,8.4,38.45
4.79,57.67,10.38,-0.21,0.46,5.44,30.6,5.69,5.6,442.2,15.67,18.42,14.13
-2.45,56.86,-3.09,0.26,0.28,7.45,34.69,4.88,-7.12,110.05,14.25,-2.11,38.7
13.29,26.89,7.39,0.41,0.52,6.95,62.42,6.52,14.27,489.44,16.9,11.93,23.28
3.63,10.15,9.99,-0.01,0.55,6.05,66.24,5.25,-1,183.08,16.01,14.04,23.68
17.87,-49.44,18.5,-0.13,0.7,5.11,101.5,0.69,17.09,569.8,20.14,19.85,9.41
-6.1,-21.49,4.78,-0.18,0.56,6.77,74.59,2.98,8.79,184.47,17.18,6.82,29.15
16.79,19.81,14.01,0.17,0.67,7.4,88.57,3.05,14.6,587.72,21.83,11.83,26.07
14.7,1.17,6.2,0.02,0.47,6.82,56.97,3.2,14.13,480.64,17.27,10.85,33.13
-3.5,5.32,18.54,0.04,0.45,6.24,59.57,4.86,16.02,563.39,25.76,10.79,7.43
-6.7,19.78,13.76,-0.12,0.65,5.57,70.24,4.61,12.82,431.12,17.72,16.17,21.67
17.77,36.36,10.67,0.16,0.53,7.16,83.61,3.08,13.53,537.72,20.45,3.09,27.99
3.38,7.46,14.17,0.28,0.73,5.42,113.58,1.46,11.88,440.67,20.17,25.58,14.53
-9.06,40.65,-1.13,0.45,0.3,8.45,6.82,6.91,-3.93,104.43,14.36,-9.82,47.71
2.56,28.8,-4.14,-0.14,0.47,7.37,44.75,5.02,-9.01,-84.8,8.06,5.64,43.62
-3.8,16.59,11.45,0.46,0.47,6.89,16.02,5.64,9.17,463.91,20.48,5.68,28.11
-9,51.44,-0.22,-0.4,0.37,7.91,15.96,7.04,-2.05,166.75,16.36,-6.31,41.59
-3.17,16.52,9.04,0.37,0.64,5.99,99.77,4.24,6.48,377.22,13.82,18.22,25.02
1.12,14.28,15.97,-0.27,0.54,5.02,30.22,4.59,4.5,341.11,16.28,23.51,7.2
23.64,-13.77,26.7,0.15,0.8,5.9,114.35,1.32,34,893.29,21.58,24.7,6.64
6.01,22.32,-0.98,0.15,0.35,6.8,9.14,5.35,-1.23,160.09,17.16,-0.81,27.28
-4.48,25.11,5.4,0.1,0.35,6.36,14.28,5.54,-2.07,169.83,19.69,8.07,32.9
15.5,9.91,13.9,0.32,0.58,5.58,77.65,1.27,8.32,414.35,20.9,23.89,13.92
0.09,10.56,9.3,-0.08,0.56,6.45,49.1,5.37,2.97,323.55,18.41,10.23,22.48
6.63,19.68,3.22,0.28,0.51,7.13,73.11,3.27,1.49,271.93,17.23,5.53,39.31
-0.08,27.13,14.51,0.07,0.53,5.82,59.46,5.41,2.17,347.14,13.28,20.72,19.94
-5.69,22.53,3.3,-0.18,0.35,6.51,62.94,4.81,2.85,275.83,18.43,12.76,18.38
-4.71,-11.38,17.95,0.07,0.76,5.01,76.66,3.28,10.71,461.58,17.88,18.94,8.16
2.18,59.49,6.66,-0.01,0.48,6.47,30.1,7.94,11.85,477.65,19.47,12.1,22.05
10.76,3.2,12.29,0.07,0.48,6.5,55.59,4.67,23.35,650.82,20.77,12.75,17.14
-8.79,17.91,8.46,0.34,0.62,6.28,36.66,2.98,-7.4,102.65,15.15,3.75,21.52
-3.3,8.7,16.91,-0.12,0.65,5.64,91.28,1.88,11.22,530.02,18.31,18.95,14.64
7.06,33.92,-0.13,0.19,0.45,7.09,18.33,7.46,9.13,318.07,19.13,8.34,27.75
8.59,15.94,13.22,0.58,0.57,7.17,73.59,4.31,29.74,713.54,20.65,14.53,27.02
7.25,-3.39,12.91,-0.22,0.52,6.11,72.2,2.21,16.39,509.47,18.69,16.44,19.38
4.96,10.49,7.01,-0.04,0.42,6.6,64.03,5.99,13.44,411.79,21.95,10.67,31.62
-0.43,3.83,17.44,-0.15,0.68,5.45,104.19,1.46,3.05,397.29,16.28,17.75,10.85
13.22,-12.21,20.46,0.1,0.72,5.6,76.7,1.89,18.33,702.49,21.15,15.82,19.07
12.87,-6.75,5.81,-0.29,0.6,5.87,85.27,3.79,13.69,487.1,17.83,19.22,16.79
1.38,63.38,3.05,-0.02,0.49,7.36,26.48,8.21,7.6,399.15,17.67,5.02,33.08
17.91,14.41,11.94,0.28,0.54,6.95,74.32,1.05,15.84,603.07,19.33,9.41,30.71
6.23,20.47,5.81,0.07,0.54,6.43,64.44,4.62,6.97,309.09,14.23,11.38,21.34
-11.36,34.27,6.92,0.1,0.49,6.84,71.75,5.7,9.98,417.47,17.94,7.02,27.26
8.58,9.28,15.7,0.22,0.62,6.13,101.03,4.72,15.29,479.52,16.29,14.71,29.19
5.53,19.42,21.31,-0.16,0.66,5.68,108.31,1.73,19.62,592.08,19.11,13.64,17.04
-2.8,45.63,0.81,0.1,0.32,7.26,16.84,6.73,2.57,195.73,17.94,-2.83,44.37
19.95,22.1,7.25,-0.37,0.61,6,73.33,7.26,19.5,529.98,20.22,13.54,13.45
7.69,-2.64,12,0.15,0.59,5.57,67.18,3.35,21.99,593.79,22.37,18.31,9.41
3.18,26.81,8.77,-0.25,0.57,5.8,55.07,3.81,18.33,586.83,19.73,15.21,22.36
-11.56,5.08,14.06,0.49,0.67,6.43,101.49,2.15,-2.51,214.71,15.38,17.33,19.99
24.41,24.47,8.24,0.32,0.48,5.65,35.85,6.1,20.75,545.07,20.84,18.24,13.23
2.89,-3.74,14.39,-0.06,0.51,6.62,76.24,3.38,12.95,499.8,19.55,12.31,21.52
1.68,39.62,2.07,0.45,0.49,7.11,25.63,7.2,3.34,268.39,16.57,8.46,24.33
-0.43,24,15.1,-0.51,0.64,6.18,78.08,3.32,0.05,267.59,15.07,15.66,13.42
-13.26,32.21,12.13,0.47,0.53,6.17,63.33,5.38,0.08,268.02,16.78,14.15,19.52
12.84,3.1,20.05,-0.18,0.75,6.25,71.19,1.78,15.02,572.52,16.63,11.79,23.85
-8.8,-9.34,15.58,-0.31,0.59,6.01,78.16,4.56,9.62,432.25,20.26,12.19,12.53
9.64,-24.06,20.17,0.34,0.79,5.66,106.43,0.38,15.94,571.22,17.48,15.77,13.44
1,49.42,13.8,-0.14,0.69,5.52,47,6.22,7.77,459.66,16.72,18.44,3.74
7.53,42.77,5.22,-0.11,0.42,5.5,63.67,6.39,-4.78,210.59,16.67,15.6,7.45
13.08,27.38,14.86,0.45,0.56,6.4,90.67,3.2,6.45,368.55,16.81,19.16,28.42
-14.48,-9.54,13.14,0.48,0.6,6.72,93.55,2.38,1.51,305.6,15.52,21.39,27.92
7.15,35.11,15.73,-0.03,0.52,6.4,76.79,4.12,15.95,522.66,14.89,14.21,32.69
-0.32,17.77,0.85,0.33,0.39,7.18,42.9,6.87,-6.09,102.13,15.51,4.49,35.29
1.91,16.57,11.24,-0.52,0.5,5.39,55.88,2.54,6.48,442.65,18.28,24.85,9.89
-5.77,48.69,9.56,-0.09,0.62,7.2,73.08,3.51,12.5,471.68,19.3,1.12,32.52
14.02,-27.14,19.14,0.27,0.7,5.87,85.15,2.82,19.58,588.45,22.43,19.64,17.66
8.76,37.57,13,-0.04,0.56,6.14,78.58,3.8,3.03,373.89,17.14,16.71,21.53
14.63,42.25,17.44,-0.49,0.5,6.23,51.9,4.09,15.24,509.53,21.55,17.05,12.88
-6.68,-25.9,23.98,0.44,0.7,4.63,62.41,1.65,3.55,513.02,23.33,21.26,5.75
3.28,8.56,3.92,0.06,0.55,5.79,75.4,2.24,0.2,168.93,16.23,11.01,17.63
9.72,22.71,5.68,-0.06,0.42,5.83,76.72,4.9,0.19,242.65,16.61,5.81,18.02
23.42,-30.01,27.51,0.02,0.9,5.82,122.92,-1.17,25.7,798.84,20.59,26.75,1.11
6.3,28.09,0.53,-0.31,0.53,6.53,36.69,5.74,4.76,344.9,15.21,5.32,31.81
15.25,-7.8,18.02,0.17,0.54,6.31,116.86,1.82,18.85,601.64,19.16,20.4,18.17
-4.17,-8.96,19.73,-0.14,0.72,5.44,88.83,1.46,12.83,533.08,17.65,23.55,7.95
13.09,-32.32,24.28,0.6,0.79,5.29,142.77,-1.74,23.32,714.66,21.22,24.04,17.37
-3.09,29.33,5.48,0.29,0.48,6.49,57.71,5.15,5.72,273.36,17.99,6.75,33.1
8.75,-24.06,17.25,0.3,0.65,5.64,121.41,2.41,18.87,571.21,19.71,16.89,16.98
9.63,-1.44,11.24,-0.1,0.58,5.35,110.21,3.34,14.82,547.67,18.87,25.05,8.65
16.05,-5.97,16.09,-0.19,0.75,5.44,117.67,0.19,22.1,599.78,22.05,20.53,5.46
-2.14,2.78,8.36,0.17,0.44,5.53,68.5,5.54,2.05,272.98,18.37,20.64,14.43
0.1,44.21,5.48,-0.06,0.51,6.82,37.57,5.21,13.39,512.91,17.95,3.36,27.52
18.45,-32.87,22.95,-0.29,0.67,5.67,106.3,1.67,11.93,495.69,20.25,30.1,13.71
-2.74,41.02,1.26,0.22,0.56,8.17,81.46,2.5,-1.4,160.42,13.75,4.08,37.27
21.68,2.3,11.92,0.48,0.51,6.08,54.44,5.17,14.53,405.3,19.72,22.71,16.18
3.19,-21.59,18.83,-0.33,0.73,4.36,96.92,1.6,11.54,473.8,20.69,22.2,7.42
-4.47,35.38,12.12,0.04,0.55,7.55,82.92,3.23,-1.38,219.9,16.75,6.12,30.94
21.2,29.43,12.09,-0.18,0.73,5.22,123.39,-0.21,19.44,629.98,19.99,24.03,-3.33
13.59,4.74,12.82,0.19,0.59,7.18,66.46,1.76,18.52,549.39,18.74,6.82,39.03
-12.39,-4.75,1.88,0.29,0.52,7.76,66.89,3.31,-1.14,135.95,13.75,8.41,32.41
12.31,21.96,17.77,-0.07,0.69,6.04,74.26,0.46,20.75,643.17,18.07,12.84,20.28
10.51,3.31,15.16,-0.21,0.57,6.2,81.45,4.41,15.08,625.05,22.16,16.62,7.24
1.19,-11.06,9.41,0.1,0.63,7.27,82.97,1.24,6.55,347.79,14.64,10.66,30.36
11.51,-7.71,15.51,0.35,0.73,5.71,96.96,1.39,21.3,572.19,19.11,21.27,12.69
6.59,18.85,4.5,0.08,0.66,7.25,78.61,1.7,3.15,170.82,15.61,10.29,38.77
6.46,26.23,2.07,0.09,0.47,6.51,47.67,5.14,14.3,354.57,18.57,15.09,30.31
-0.39,17.43,15.74,0.41,0.47,7.04,45.32,3.51,1.27,278.92,18.81,-0.77,29.83
-13.29,2.93,5.01,0.44,0.5,6.34,36.85,4.16,-10.87,65.3,18.63,0.28,31.35
13.72,-36.97,24.37,0.2,0.72,5.64,86.89,-0.08,27.86,797.58,20.76,24.03,10.3
-3.99,38.67,11.53,-0.04,0.53,6.92,51.53,4.63,13.36,504.77,19.16,7.58,29.97
-7.44,-21.15,14.73,-0.58,0.59,5.65,86.18,4.21,8.14,410.42,18.52,18.5,12.71
10.77,-20.3,22.15,0.16,0.68,6.44,106.83,0.74,16.74,630.8,21.93,15.16,15.54
10,14.49,16.03,0.14,0.73,5.28,93.9,0.55,18.97,606.88,18.09,19.05,16.94
2.36,51.75,2.69,0.51,0.45,7.06,92.41,4.77,5.99,242.07,13.28,17.8,26.28
2.3,0.25,9.69,0.05,0.62,5.6,81.46,4.59,5.48,370.37,19.5,14.38,11.8
10.58,-2.43,2.98,-0.36,0.6,7.14,80.99,3.02,23.12,623.46,19.84,6.2,25.74
10,-15.62,14.66,0.15,0.56,6,85.3,2.36,20.27,589.31,23.96,19.11,15.45
-12.28,-13.41,10.16,0.39,0.57,7.53,97.82,0.54,10.05,364.71,15.94,9.23,39.48
6.33,23.03,14.89,0.28,0.65,6,60.62,5.02,18.49,437.83,19.14,14,22.98
4.83,13.49,7.14,-0.09,0.57,6.19,72.58,3.05,11.43,495.93,16.32,17.99,20.6
10.92,16.45,15.18,0.02,0.6,5.66,86.43,1.94,11.32,555.61,21.19,14.11,16.68
-5.18,40.04,1.24,0.24,0.41,6.47,29.54,6,1.43,249.87,18.12,5.27,36.39
4.04,-9.19,21.1,0.06,0.65,6.25,78.65,0.18,15.76,551.63,18.91,14.75,23.35
-1.72,24.33,14.39,0.11,0.66,5.75,80.6,1.95,9.19,449.45,17.47,9.74,27.83
1.24,13.75,9.57,-0.1,0.53,6.78,69.6,5.98,-3.28,160.45,16.31,10.67,21.71
4.34,27.61,8.61,0.07,0.54,6.12,60.03,5.27,5.86,346.02,17.08,15.32,16.67
14.78,-13.41,12.8,0.53,0.58,5.59,73.68,2.18,15.11,586.26,19.92,15.35,18.84
-4.18,-16.21,4.65,0.26,0.65,6.9,92.57,2.5,1.37,239.07,17.56,7.46,33.2
-8.57,30.6,7.03,0.18,0.56,6.37,106.49,5.33,6.34,293.75,16.76,5.36,27.32
-0.19,-5.56,9.5,0.09,0.58,6.17,98.66,3.18,6.28,318.9,17.78,10.66,19.62
7.81,5.22,15.63,0.66,0.59,6.64,90.58,2.61,11.55,385.58,18.39,17.62,18.37
2.67,5.35,6.83,-0.32,0.46,6.72,41.27,3.58,1.09,253.32,16.47,2.99,25.69
13.31,3.41,6.4,-0.51,0.56,5.51,101.77,5.14,8.06,341.34,18.94,19.48,12.28
7,25.84,4.67,-0.21,0.47,5.8,29.23,6.01,4.42,346.81,15.55,7.8,30.16
7.44,3.18,17.9,0.01,0.47,6.43,56.99,4.02,0.2,239.09,21.41,0.55,33.13
6.28,20.8,9.06,0.24,0.57,7.22,67.89,4.96,15.02,446.15,18.93,13.3,26.5
4.65,-20.57,21.94,0.2,0.65,6.57,74.27,1.81,17.14,540,20.05,11.28,24.99
2.91,37.99,9.38,0.16,0.46,5.42,37.25,5.92,0.2,237.64,18.28,11.36,13.05
2.14,5.16,17.05,0.37,0.56,5.76,90.54,3.68,18.06,544.67,22.09,17.36,18.49
-3.63,35.03,-0.23,0.51,0.55,7.06,45.68,5.77,-1.41,159.36,15.54,-4.13,46.62
-2.36,27.48,4.61,0.42,0.43,7.04,32.72,5.82,-5.42,113.28,14.79,-4.69,36.33
9.81,12.02,16.31,-0.03,0.58,5.27,99.98,3.56,13.5,510.69,22.84,21.08,4.31
12.73,8.31,9.26,0.2,0.5,6.14,71.24,4.26,15.11,475.34,17.49,8.59,22.07
10.17,22.22,14.76,0.36,0.62,6.47,66.4,3.44,15.35,483.62,18.12,14.09,24.09
1.57,-0.9,15.84,-0.09,0.56,5.84,95.16,3.02,7.16,398.73,20.65,10.69,9.73
-4.18,9.17,12.41,0.57,0.46,6.32,50.07,5.37,10.01,384.4,19.28,14.83,29.41
6.77,38.16,9.72,-0.29,0.58,5.53,13.34,5.47,14.66,463.84,19.91,16.02,21.42
15.23,-31.68,17.21,-0.49,0.69,6.36,90.15,2.48,13.32,481.5,18.43,19.45,16.82
8.87,14.98,1.54,0,0.49,6.33,28.06,5.05,4.9,307.53,18.1,7.91,20.71
0.96,-0.63,9.46,0.5,0.63,6.73,100.81,2.06,10.33,529.64,15.26,10.41,28.14
-0.88,42.31,-2.15,0.08,0.44,7.53,23.21,6.75,3.54,222.74,14.59,1.38,33.82
5.05,2.11,19.29,-0.22,0.63,6.39,101.36,0.32,15.11,633.4,18.7,20.83,19.91
18.95,3.01,17.53,-0.08,0.54,5.92,81.91,1.51,12.36,424.46,19.23,11.24,19.78
-10.61,52.8,-2.56,-0.18,0.47,6.87,38.09,5.03,2.43,180.54,14.03,-1.81,43.4
1.09,-9.05,23.09,0.22,0.73,6.21,129.98,-1.68,0.27,317.1,18.53,18.68,23.05
7.69,4.61,10.89,0.33,0.61,6.23,70.97,2.62,23.36,614.9,19.12,9.14,20.55
0.23,-10.74,7.79,-0.15,0.43,6.34,40.32,4.88,2.99,355.42,17.32,10.57,22.1
6.85,-15.89,11.69,0.15,0.61,4.24,44,3.65,14.17,392.89,23.86,10.21,8.37
-2.35,70.76,8.96,0.14,0.47,6.11,41.91,7.11,15.54,466.64,20.42,4.54,25.01
23.45,30.94,18.16,-0.23,0.59,6.47,52.26,2.83,19.01,561.83,15.38,13.04,18.67
3.12,-20.4,9.87,0.13,0.56,6.18,79.09,2.89,10.68,456.92,20.11,8.57,20.5
-10.87,14.59,6.16,0.3,0.4,7.71,51.83,4.91,-3.91,124.56,15.01,6.21,34.43
4.12,-8.45,20.88,-0.23,0.72,6.56,99.19,1.06,19.45,625.77,18.35,21.98,23.23
6.62,38,-3.38,-0.13,0.39,6.5,41.17,6.59,-3.86,185.05,18.14,5.65,34.66
11.04,-20.1,21.64,0.14,0.7,6.46,84.43,-0.02,16.78,530.76,18.28,16.47,16.2
-4.31,33.36,10.06,0.34,0.52,6.17,81.9,5.53,10.72,494.1,17.99,17.37,12.01
-0.73,31.57,14.54,0.07,0.58,6.14,97.29,3.03,4.94,459.21,19.3,18.56,14.35
9.56,44.53,13.98,0.27,0.42,6.89,71.76,4.22,10.46,492.41,18.59,12.19,30.23
-3.82,32.62,-0.51,0.06,0.49,6.62,32.57,4.77,-1.48,116.24,13.36,1.39,41.02
4.64,20.12,8.65,0.62,0.58,6.69,27.77,4.1,-4.31,96.49,13.44,2.85,27.56
10.49,-37.98,13.46,-0.34,0.56,6.52,93.94,3.11,6.17,383.89,19.3,13.37,21.45
11.94,-24.95,15.93,0.14,0.68,6.46,100.05,1.59,18.46,464.64,20.96,18.71,20.55
2.5,0.18,11.62,-0.05,0.49,7.62,76.98,3.99,2.05,239.96,20.37,15.71,33.51
12.18,79.95,3.2,-0.2,0.36,4.99,37.6,10.02,-5.93,134.18,18.01,18.49,8.53
6.15,46.2,0.75,-0.27,0.35,6.13,21.03,6.05,4.2,151.41,16.97,11.7,31.36
0.32,16.91,3.55,-0.42,0.42,4.55,37.22,7.84,-2.69,242.65,18.9,25.41,4.73
-12.2,14.15,4.55,0.17,0.46,6.39,55.11,4.91,-2.25,67.67,20.07,6.37,37.15
20.74,0.57,14.32,-0.03,0.69,6.5,87.85,1.95,21.15,564.01,17.49,17.36,21.97
7.85,-6.55,12.05,0.12,0.62,6.02,70.23,3.72,9.56,475.83,16.95,13.3,19.28
-2.62,26.86,3.87,0.01,0.53,7.2,77.38,4.01,5.23,271.8,16.41,3.21,37.88
4.81,49.33,2.73,0.04,0.29,6.46,52.54,7.82,-0.1,275.68,19.39,9.29,20.8
2.89,42.64,11.32,0.37,0.56,5.68,62.87,4.75,6.82,420.33,19.32,12.41,22.99
19.97,-29.9,17.54,0.18,0.74,5.64,112.67,-2.04,30.82,843.93,22.26,27.01,10.86
9.4,57.54,6.15,0.05,0.46,5.78,-7.04,7.46,18.79,630.63,18.31,2.72,19.53
13.26,-3.08,10.73,0.46,0.52,7.49,70.6,2.95,9.39,409.65,19.44,4.18,20.56
-3.06,-0.88,8.34,0.34,0.54,6.61,59.62,4.61,0.53,240.29,19.52,13.11,25.62
20.4,-3.66,17.29,-0.06,0.78,5.69,118.81,1.91,28.6,744.51,20.74,21.46,14.92
7.26,-17.38,21.75,0.01,0.71,5.86,102.53,0.19,10.59,437.91,17.61,13.95,28.04
-4.27,26.18,12.51,0.15,0.45,6.92,29.62,4.28,8.98,447.38,17.23,4.63,30.54
0.07,6.52,13.01,-0.04,0.42,6,90.72,3.4,2.65,228.71,17.09,18.07,26.36
-0.88,16.61,11.57,0.06,0.43,6,51.23,5.19,6.53,338.76,18.47,8.96,23.86
11.54,-38.54,16.3,-0.1,0.67,5.65,129.46,0,16.61,551.11,22.68,24.84,15.06
2.34,13.76,11.74,0.17,0.48,6.88,58.6,4.28,17.05,537.64,18.75,14.53,19.99
-4.62,20.25,10.29,0.17,0.51,6.05,50.84,1.77,3.9,389.37,17.17,11.04,26.52
-0.42,-22.32,14.74,0.11,0.72,5.86,114.9,-0.59,4.36,332.83,15.17,19.06,33.45
13.96,23.86,15.4,-0.29,0.8,6.27,90.82,1.32,23.2,690.01,16.55,15.57,18.9
-6.82,14.46,15.45,0.24,0.54,5.81,64.94,5.67,3.12,295.4,17.41,12.59,17.69
-21.46,54.25,0.23,0.15,0.33,6.16,22.59,8.67,-6.6,125.64,15.98,1.46,38.21
17.21,16.74,15.19,-0.13,0.65,6.05,74.89,4.45,6.5,377.54,19.23,15.91,13.28
-0.44,45.57,-4.8,0.29,0.35,6.73,22.39,7.06,16.08,375.3,18.18,7.32,34.7
1.21,16.8,3.61,0.01,0.46,6.43,29.46,5.7,9.72,347.98,18.34,10.41,19.76
2.97,14.98,6.33,-0.25,0.68,7.51,74.14,2.42,13.97,471.24,16.58,15.17,33.55
5.91,4.35,10.78,0.2,0.56,6.68,60.78,3.39,4.26,313.17,20.96,7.33,20.36
3.19,-1.68,20.59,0.4,0.62,7,82.66,2.79,-4.36,188.86,14.02,3.34,40.38
-3.24,65.68,-0.31,0.33,0.35,7.2,53.75,6.58,1.02,204.42,15.27,-3.93,38.55
19.41,-19.01,23.98,0.2,0.72,5.61,84.51,0.89,25.86,691.04,19.18,20.91,14.03
4.63,23.56,4.75,0.45,0.38,7.15,57.3,5.85,3.75,364.73,19.44,-0.35,44.8
0.74,31.49,7.46,-0.2,0.49,5.85,52.49,6.11,7.2,299.15,17.57,20.21,21.19
-5,36.92,12.26,0.29,0.56,6.58,-3.23,3.91,-1.15,338.81,14.41,-1.91,36.76
-10.79,-8.97,13.09,0.49,0.51,5.79,65.04,5.44,-8.02,90.4,17.91,11.04,28.92
-8.26,-3.34,12.42,0.13,0.5,6.09,78.61,3,4.32,375.36,18.27,14.88,23.01
2.13,-18.58,9.55,0.05,0.55,5.46,33.1,3.9,3.21,318.71,18.58,9.85,11.59
4.88,66.55,1.97,-0.02,0.45,7.43,74.18,6.23,4.09,228.79,16.29,15.23,33.16
6.4,12.06,19.79,0.23,0.8,6.74,122.73,0.79,5.6,434.57,18.36,18.95,23.38
4.98,26.44,14.3,-0.25,0.55,5.16,66.57,3.47,1.94,283.88,19.68,19.2,14.79
18.83,21.5,17.34,-0.01,0.62,5.12,64.21,3.21,37.61,876.36,20.95,22.37,18.23
-5.99,-12.67,14.71,-0.24,0.6,5.71,82.95,2.87,13.69,498.23,17.87,9.29,21.96
-7.71,30.93,-4.71,0.15,0.39,6.16,55.86,7.23,-3.96,108.52,16.79,10.37,25.1
8.79,1.78,14.21,0.29,0.67,6.57,90.9,0.47,5.31,369.04,17.09,8.34,24.44
3.66,-12.13,16.25,0.22,0.69,5.97,75.34,1.49,23.98,618,19.72,17.94,14.92
7.01,62.39,-8.17,-0.03,0.27,7.36,-4.59,10.17,4.22,262.91,17.51,-2.54,34.2
-4.98,-13.07,16.42,0.38,0.63,5.71,77.92,3.01,8.26,438.12,20.52,4.05,24.9
6.27,-19.33,15.13,-0.36,0.66,5.66,81.65,2.63,16.2,544.96,19.84,19.58,7.9
16.72,19.02,17.63,-0.11,0.64,7.13,58.45,1.79,22.01,555.1,19.22,9.74,29.38
9.75,25.59,21.58,-0.04,0.59,5.48,83.18,1.84,6.3,427.58,18.43,21.07,15.41
2.59,20.01,16.18,0.31,0.61,6.31,89.15,4.31,4.43,369.34,16.78,23.16,21.88
7.18,6.89,15.55,0.06,0.43,5.54,71.4,5.19,13.58,401.33,22.24,16.58,19.71
0.86,12.37,12.93,-0.49,0.54,6.3,52,3.99,10.87,459.68,21.29,9.8,19.62
17.39,18.36,9.9,0.38,0.68,6.33,72.73,2.94,29.86,637.23,17.63,22.76,25.6
-3.79,10.03,9.49,-0.11,0.46,7.46,57.63,2.53,-11.09,62.11,14.47,3.91,40.3
3.7,57.8,10.84,0.36,0.53,6.33,38.19,4.87,5.09,256.06,15.63,14.94,27.86
-7.73,39.72,1.18,0.01,0.49,6.7,57.15,7.55,5.56,245.38,15.93,5.9,28.73
6.25,-10.45,14.62,0,0.61,4.98,95.67,4.56,15.08,514.68,20.58,22.03,0.17
3.46,19.72,15.56,-0.07,0.61,6.76,68.25,4.3,19.53,608.5,20.95,12.65,29.75
-0.81,3.6,11.9,-0.05,0.53,7.17,64.72,3.96,12.33,409.81,22.38,3.43,23.45
-10.02,64.35,-6.82,-0.05,0.31,6.31,4.58,9.37,-11.52,-37.16,14.74,4.35,35.69
-6.71,-7.06,6.34,-0.22,0.63,5.31,69.81,1.8,-13.04,112.47,15.46,20.2,12.22
11.58,5.58,12.8,0.52,0.67,6.17,88.19,3,12.39,462.87,18.29,18.87,18.74
10.16,7.96,8,0.27,0.63,6.56,73.56,3.62,13.89,352.48,15.77,14.11,26.04
-3.59,26.72,6.95,0.41,0.58,7.4,87.24,2.83,3.8,315.54,15.53,10.64,30.35
5.54,25.6,-1.04,-0.34,0.33,7.34,56.03,6.27,4.19,195.82,17.07,8.05,37.86
-15.48,8.61,11.34,0.29,0.61,6.62,97.03,1.15,10.75,338.12,17.42,6.3,27.34
3.46,-17.27,9.42,0.21,0.54,6.73,68.1,2.49,10.34,389.25,20.16,10.04,26.58
-6.88,-17.38,11.52,0.15,0.52,5.4,85.88,3.22,10.27,367.73,21.53,12.83,15.72
2.13,-3.06,8.65,0.32,0.49,5.84,50.55,5.5,15.88,465.58,20.91,0.37,19.14
3.14,23.3,1.7,-0.63,0.33,6.46,4.96,6.46,11.46,378.67,19.89,8.05,15.24
-2.69,49.94,2.04,0.32,0.43,8.48,30.87,5.81,-3.91,160.89,16.16,-3.77,41.13
5.4,21.41,5.89,0.49,0.39,5.85,34.63,4.31,15.46,504.97,18.68,13.93,32.43
-1.54,4.38,9.98,0.04,0.49,6.16,47.83,5.27,11.45,320.03,19.89,12.78,24.98
-7.34,-27.41,12.81,0.36,0.6,6.56,74.36,2.52,9.74,336.51,19.26,7.48,29.81
2.82,-9.93,20.99,0.31,0.71,7.5,90.36,0.25,25.18,733.88,17.51,10.06,30.19
9.42,18.73,2.61,0.03,0.43,4.88,37.34,5.73,17.68,558.25,22.73,18.81,7.36
30.77,-7.59,19.62,0.08,0.68,5.94,142.23,0.76,28.96,799.16,22.89,31.31,0.07
5.76,27.66,14.42,0.06,0.55,6.74,106.91,4.68,18.14,657.27,21.55,15.89,21.86
10.62,-18.28,8.29,-0.19,0.43,5.09,51.05,4.42,12.85,452.68,21.59,17.46,-1.43
9.14,-27.88,20.48,0.05,0.84,4.73,113.33,0.3,13.76,472.03,21.07,27.88,13.89
2.11,15.81,22.13,0.46,0.73,6.41,107.98,1.31,23.62,683.46,18.22,18.41,30.25
-0.39,-18.93,15.35,0,0.65,5.92,92.99,3.48,10.33,391.11,21.47,16.8,11.8
-6.34,10.07,4.64,0.04,0.58,4.52,58.88,3.73,10.07,473.17,17.4,18.25,16.44
3.55,4.48,11.56,0.15,0.53,7.32,51.54,5.59,10.09,466.18,17.54,6.71,25.05
4.88,16.21,-4.25,-0.04,0.38,7.27,50.26,7.14,5.12,308.03,18.04,2.57,24.82
-14.24,58.75,-2.5,-0.08,0.37,6.56,21.71,9.17,-11.86,85.24,17.3,4.15,27.4
2.26,13.05,19.08,-0.03,0.7,6.54,84.9,2.94,15.68,490.34,20.94,5.73,31.04
9.46,-17.64,10.32,0.17,0.53,6.49,88.04,4.14,14.59,507.14,21.1,15.42,19.13
2.19,20.11,19.07,-0.38,0.72,6.73,85.83,2.04,7.93,372,14.74,16.5,29.17
-3.51,33.29,6.95,0.04,0.53,6.16,23.83,6.46,13.13,389.34,15.87,11.88,17.64
-5.42,1.65,8.46,0.03,0.52,4.61,26.27,5.13,0.42,253.51,16.9,20.52,12.65
13.2,-19.8,15.69,0.39,0.62,5.67,106.76,0.28,3.32,422.83,20.12,22.64,15.65
1.97,15.15,10.98,0.37,0.56,5.62,70.08,2.34,5.38,318.62,19.72,16.39,25.7
4.02,40.82,15.82,-0.28,0.61,5.81,66.14,2.81,13.92,464.74,18.44,19.49,12.49
14.85,-5.05,19.57,0.19,0.71,5.06,94.44,1.92,19.93,622.86,19.4,26.23,10.53
-12.86,21.12,12.35,0.49,0.53,6.27,88.36,5.52,2.87,282.46,21.13,15.87,20.43
18.13,1.49,15.96,0.36,0.61,6.14,81.19,2.45,28.74,704.8,20.09,15.22,23.98
-0.51,69.83,-0.33,-0.23,0.34,6.73,7.57,8.63,-5.18,116.2,16.68,3.81,29.52
4.09,35.73,11.31,0.11,0.67,7.98,97.43,2.13,15.41,483.37,13.54,3.25,33.83
3.28,-0.05,15.2,0.31,0.72,6.25,99.03,2.48,18.12,533.82,16.66,14.3,23.66
-0.91,0.7,6.94,-0.01,0.45,6.1,61.89,4.62,4.59,208.53,18.51,9.38,23.84
9.66,13.08,13.43,-0.13,0.49,6.04,67.79,3.5,7.93,431.81,17.1,17.75,21.95
8.6,-15.59,11.4,-0.09,0.67,6.54,83.08,0.41,12.28,405.05,19.27,16.77,18.57
17.16,-23.91,17.88,0.02,0.59,4.95,90.44,1.61,19.28,762.64,21.6,23.43,3.97
3.73,-4.73,16.54,0.16,0.62,6.34,105.97,1.47,16.71,531.11,24.52,19.03,8.44
-1.06,15.13,-1.43,0.03,0.3,6.28,33.52,5.87,-7.56,94.45,18.98,6.99,21.27
-11.74,-14.97,6.87,-0.07,0.45,6.53,90.33,3.15,-1.56,128.31,17.63,6.56,33.23
5.5,-32.11,29.75,0.27,0.82,4.52,103.86,2.44,24.03,765.81,20.23,32.36,1.73
6.52,-15.25,23.68,0.19,0.54,5.45,63.37,3.78,27.78,702.67,23.52,15.01,11.34
-0.98,44.64,2.65,-0.18,0.4,6.23,18.45,7.47,8.21,399.49,23.7,4.8,8.53
-5.12,20.84,7.33,0.4,0.49,7.04,35.69,6.13,9.26,388.34,19.16,-0.37,38.68
11.13,2.03,21.4,-0.01,0.72,5.79,77.69,-0.03,19.66,624.81,15.73,21.21,20.89
2.04,20.28,13.74,0.06,0.56,5.96,111.39,2.03,4.46,426.21,15.35,16.86,30.4
2.13,74.37,4.96,-0.12,0.35,6.95,41.05,7.19,-1.48,287.79,13.27,9.28,37.72
-7.51,41.44,2.21,0.61,0.42,6.42,71.92,5.36,-7.13,127.75,14.07,7.4,37.32
14.62,-6.49,14.68,-0.08,0.7,5.63,78.11,-0.15,13.88,466.45,15.66,16.39,30.6
-5.19,8.82,11.28,0.11,0.52,6.8,59.32,3.75,9.71,327.7,16.76,10.82,34.93
-5.6,58.31,2.3,0.01,0.43,6.27,47.95,8.18,-8.55,48.57,13.17,8.09,30.36
1.38,7.43,14.36,0.23,0.61,6.14,52.26,3.67,11.86,463.13,18.38,10.42,28.37
5.09,21.61,2.81,0.04,0.37,6.72,38.3,6.8,10.52,373.37,16.16,2.85,27.01
15.62,16.48,17.75,0.03,0.63,6.11,60.56,4.73,21.24,567.7,17.5,17.44,18.19
-4.6,23.47,6.81,-0.25,0.66,6.71,81.92,3.39,7.85,373.94,20.36,13.05,19.37
0.65,-11.78,10.07,0.13,0.55,6.18,85.43,3.45,1.62,271.99,22,8.3,17.56
-6.92,-20.69,10.69,0.31,0.56,6.7,107.22,4.61,5.24,321.2,18.79,8.62,29.43
9.92,-17.93,12.22,0.24,0.54,7.5,71.8,2.71,21.09,526.99,21.76,13.93,16.3
-2.28,8.04,12.95,0.35,0.49,5.97,63.62,4.15,7.82,360.93,19.48,17.74,20.92
5.37,49.7,12.27,0.11,0.58,5.89,58.31,5.78,13.12,489.67,21.04,7.69,8.29
-5.81,8.27,7.42,0.04,0.62,6.73,80.96,2.34,7.54,343.85,18.59,3.13,38.84
18.61,10.44,12.19,-0.32,0.5,6.14,35.52,4.17,13.15,526.66,19.63,16.56,15.13
5.29,4.64,13.85,0.24,0.68,6.39,51.91,0.87,11.4,433.78,19.49,16.02,22.26
4.71,3.93,18.36,0.23,0.7,5.36,135.85,1.89,6.01,378.18,16.71,25.28,11.85
11.52,40.28,3.71,0.19,0.48,6.64,39.8,4.92,1.67,188.76,15.23,7.17,19.47
10.79,-0.46,16.07,-0.45,0.57,6.02,90.5,2.32,21.14,555.83,17.58,23.17,6.95
9.06,-22.64,21.26,0.08,0.66,5.09,87.7,2.86,13.35,552.85,19.77,24.3,12.08
5.49,-13.56,17.09,0.28,0.65,5.99,98.35,0.14,23.83,645.7,20.94,22.65,11.46
-1.64,19.32,10.33,-0.07,0.54,6.2,87.93,5.23,7.17,402.55,16.94,12.87,21.94
6.96,-38.5,22.96,0.14,0.78,6.88,116.5,0.01,18.66,584.69,20.83,11.62,23.29
-14.87,12.51,6.04,0.15,0.36,5.97,38.72,6.03,-3.08,186.28,18.93,10.44,29.6
3.98,45.29,19.23,0.39,0.78,5.96,107.88,0.84,18.97,659.41,17.76,22.35,13.79
9.46,-8.5,27.08,0.29,0.64,5.77,96.93,1.6,14.55,576.83,20.99,22.74,18.98
9.4,-7.95,13.41,0.03,0.57,6.51,101.27,1.97,21.63,571.48,21.71,16.71,17.3
-9.8,31.99,-2.15,-0.45,0.38,5.67,62.82,6.67,-2.13,205.61,17.65,3.72,28.59
-5.65,-0.61,12.32,0.21,0.6,4.85,86.93,4.28,-5.9,111.89,16.91,18.62,21.47
-2.24,12.52,15.37,0,0.63,6.78,88.89,0.69,6.19,447.35,16.39,8.71,36.58
-2.88,19.58,16.76,0.06,0.6,6.26,106.32,2.41,12.68,503.7,18.36,15.26,28.65
2.47,-10.66,19.14,-0.33,0.57,5.31,48.95,1.83,21.26,599.15,23.28,22.63,7.33
-12.22,24.13,6.65,0.14,0.47,6.01,58.97,6.12,3.61,296.13,19.49,14.58,21.92
18.93,-10.9,19.64,0.31,0.78,5.48,81.83,1.96,18.75,583.94,17.37,18.46,8.36
8.18,12.64,12.03,0.65,0.56,5.75,69.13,0.55,8.81,370.59,18.35,12.02,31.14
8.15,-24.21,18.23,-0.08,0.64,5.18,90.21,1.22,10.69,506.09,21.86,16.86,13.18
0.91,19.78,16.95,0.18,0.69,5.31,78.07,1.9,7.66,501.69,15.4,12.32,15.08
12.81,27.85,6.32,-0.09,0.66,6.66,64.41,4.93,11.14,439.58,18.44,7.56,30.99
3.15,-4.08,11.76,-0.08,0.56,6.18,38.39,4.27,18.53,528.32,18.56,10.98,27.21
-0.68,41.71,1.64,-0.03,0.43,8.5,9.23,5.14,6.72,361.04,15.45,-4.57,47.76
13.92,-1.07,13.49,0.31,0.66,4.97,102.99,1.3,14.33,426.68,18.62,22.89,17.16
2.38,30.38,21.5,-0.28,0.65,6.02,68.83,3.4,25.74,723.58,20.13,12.24,24.1
2.43,23.03,14.9,0.18,0.61,6.58,71.53,3.1,13.49,542.57,16.87,10.39,25.84
16.95,-11.92,26.62,-0.31,0.71,5.99,145.43,-1.45,26.2,817.68,23.01,31.66,16.02
-0.35,11.02,10.38,0.2,0.56,6.07,68.18,4.3,11.23,414.13,21.24,15.52,16.62
20.14,13.57,16.96,0.11,0.65,5.33,69.19,3.24,21.13,468.82,20.34,17.61,18.23
-1.59,25.06,14.36,-0.14,0.48,7.32,51.77,5.51,8.38,342.85,16.35,3.22,32.97
-19.22,28.59,1.97,-0.28,0.45,5.89,42.56,5.23,-1.69,224.23,17.32,6.86,20.85
14.67,2.1,13.73,0.11,0.55,6.69,58.89,3.73,22.1,632.44,20.93,15,23.38
-4.6,16.3,15.98,0.52,0.52,6.53,72.48,3.52,12.39,445.03,19.7,11.78,29.3
10.69,-3.45,14.14,0.04,0.69,6.47,96.23,2.67,15.14,477.23,18.67,21.63,13.44
-5.22,26.9,3.24,0.07,0.49,7.39,77.56,4.25,-2.94,97.34,14.95,10.64,33.1
22.81,-5.01,24.51,0.55,0.75,5.48,96.75,0.88,30.03,785.47,20.71,24.79,7.39
-4.84,21.49,11.5,-0.01,0.45,7.41,69.35,5.07,-2.2,278.46,18.16,14.59,26.27
14.47,-10.19,19.46,-0.07,0.63,6.68,102.77,1.41,15.33,582.44,18.78,20.77,23.93
10.8,-4.08,14.9,0.18,0.75,3.65,94.45,3.46,19.25,624.53,23.94,30.64,-8.8
-9.23,13.78,4.29,0.19,0.43,6.16,67.57,5.45,0.5,245.53,18.12,11.14,24.06
14.99,3.37,23.23,0.1,0.69,5.62,66.84,1.41,25.73,789.3,18.56,23.4,12.62
3.32,13.75,17.99,0.55,0.62,6.76,104.26,1.48,23.42,664.77,21.45,14.24,30.81
8.93,16.71,8.91,0.03,0.5,6.46,73.8,5.12,8.95,299.21,18.96,14.41,17.75
26.95,30.21,19.56,0.14,0.72,5.66,89.7,1.74,15.21,586.92,19.27,17.45,4.88
1.44,11.91,8.44,-0.41,0.43,5.27,45.72,5.46,2.99,261.36,21.08,12.83,15.05
5.11,-2.96,12.92,0.17,0.8,6.69,67.44,0.54,12.02,441.46,17.4,2.13,35.35
7.41,7.64,11.91,0.55,0.55,6.95,74,2.23,7.05,351.8,19.87,2.91,35.63
3.64,35.55,8.81,0.02,0.49,6.15,29.83,4.62,10.88,556.88,16.17,8.39,32.45
12.03,20.9,7.11,-0.39,0.52,6.75,69.48,3.38,14.26,417.52,19.97,14.12,11.96
-0.54,60.5,16.02,0.2,0.56,6.78,59.67,4.37,22.7,610.68,18.66,9.16,21.75
13.92,-33,24.14,-0.16,0.65,6.1,100.02,1.13,23.97,624,21.6,22.18,17.28
-2.4,60.54,11.58,0.19,0.52,5.92,54.94,5.16,-5.34,206.4,14.62,11.39,30.1
-2.17,-13.98,14.94,0.17,0.48,5.93,82.46,3.04,8.68,370.03,21.7,7.39,24.14
-14.11,17.09,8.56,0.34,0.5,6.67,53.82,4.21,5.55,363.59,17.08,11.76,34.65
-10.08,26.89,-4.99,-0.05,0.27,6.25,2.96,7.44,-8.02,49.15,16.38,2.97,31.55
-7.24,21.63,12.63,0.4,0.39,6.73,50.92,4.21,-0.06,314.63,19.16,7.67,26.96
10.21,-21.95,25.64,0.31,0.7,6.01,107.69,0.74,12.78,492.52,18.75,22.83,11.7
-7,72.02,-5.27,0.32,0.41,7.3,6,6.41,1.36,133.12,15.59,-0.25,40.14
-5.19,64.48,6.61,-0.01,0.34,6.54,-3.88,7.84,-0.58,212.76,18.78,-0.21,28.28
-6.97,-1.28,11.28,0.13,0.53,6.84,66.02,4.01,5.23,274.19,16.01,6.04,38.62
-3.17,16.99,7.63,0.09,0.57,5.54,73.36,4.63,6.2,311.65,18.52,10.84,9.54
13.58,23.5,8.81,-0.13,0.39,5.83,69.98,3.78,23.99,648.47,22.73,14.83,9.39
3.47,2.47,6.68,0.05,0.48,5.95,70.54,4.49,10.36,382.62,19.39,17.03,15.88
-10.19,27.78,4.25,-0.04,0.43,6.08,21.42,6.18,-4.77,149.13,16.82,7.77,28.51
3.05,-1.42,8.82,0.17,0.57,5.95,70.19,2.72,7.4,386.33,15.36,16.21,19.08
11.08,-19.12,24.25,-0.11,0.82,5.39,125.86,-1.67,13.89,557.26,19.02,29.35,15.85
7.98,-24.93,13.91,0.06,0.55,7.18,106.24,0.28,1.91,192.35,17.41,13.48,34.84
9.85,31.08,6.06,0,0.58,6.85,32.04,7.48,12.06,338.75,17.41,9.26,8.97
-2.35,45.59,3.64,0.1,0.38,5.55,23.18,6.61,0.73,281.42,16.01,2.47,24.68
10.53,-17.14,16.28,-0.19,0.68,6.2,127.69,0.78,10.64,547.87,21.63,14.88,6.99
-5.58,12.14,10.38,0.55,0.53,6.93,60.44,3.9,-5.32,173.05,16.75,-1.52,31.13
9.61,-25.89,14.43,-0.34,0.67,5.5,103.51,0.03,17.19,592.41,19.28,16.3,24.7
7.3,23.69,20.04,-0.07,0.66,5.5,72.24,4.7,20.07,674.42,18.08,12.25,7.87
-12.3,3.4,15.47,0.04,0.57,6.67,69.01,5.69,4.45,355.75,17.93,9.72,21.16
13.43,-17.53,18.47,0.04,0.66,5.14,98.53,2.23,15.13,477.85,20.4,28.2,10.26
-6.49,-4.17,4.55,0.15,0.51,5.67,54.13,3.58,2.76,265.09,16.93,17.98,19.53
-1.81,-0.09,4.85,-0.49,0.48,6.63,65.43,3.33,1.78,252.42,17.3,8.06,30.45
11.45,8.68,5.18,-0.48,0.61,6.01,38.76,3.58,17.07,473.54,18.75,14.89,12.9
1.45,15.07,10.12,0.35,0.51,6.43,39.03,5.92,6.94,314.99,17.47,8.14,30.57
5.46,16.59,13.47,-0.07,0.54,6.35,51.31,3.53,8.2,411.41,17.05,7.45,31.86
11.92,-11.8,14.01,-0.62,0.48,5.88,60.91,2.9,18.97,596.74,20.04,19.27,7.17
13.18,15.46,10.19,-0.32,0.71,6.29,120.55,1.64,9.39,301.42,17.64,21.62,19.76
-1.74,-20.39,21.86,0.28,0.67,5.44,112.89,1.68,11.34,457.81,18.87,24.99,14.35
10.45,9.77,17.25,-0.27,0.79,5.41,111.23,1.48,28.76,736.32,21.11,28.11,11.93
19.55,-41.82,8.34,-0.32,0.66,6.24,113.57,1.27,32.47,669.02,24.49,22.63,6.79
4.72,27.24,9.32,0.13,0.59,7.41,92.85,2.19,10.37,414,16.59,17.53,28.73
-4.12,17.9,4.14,0.17,0.59,6.72,72.24,6.71,7.51,277.32,19.58,4.38,30.6
6.28,13.08,10.3,0.26,0.61,6.07,45.75,3.84,18.75,569.26,17.3,15.58,23.95
2.58,56.99,-1.6,-0.48,0.36,7.88,29.11,6.41,-1.42,262.95,17.66,-2.92,33.24
12.14,-6.49,13.22,0.27,0.61,4.84,68.57,3.62,13.52,550.43,18.26,15.1,11.65
-0.12,16.23,6.5,0.39,0.37,6.63,63.86,5.37,-1.44,170.71,19.21,14.37,20.15
7.48,8.5,15.42,-0.15,0.67,5.81,79.22,1.35,11.12,480.34,15.58,14.16,23.18
1.91,41.43,5.48,0.33,0.31,6.17,22.66,6.24,-3.33,112.19,18.27,5.46,28.72
-1.52,23.03,9.48,0.22,0.56,6.15,74.39,3.85,3.17,337.14,19.29,13,15.18
0.08,-4.71,12.72,-0.18,0.6,5.28,88.78,1.42,6.89,400.11,16.54,19.17,23.97
-5.23,39.53,-4.03,-0.06,0.45,6.68,22.02,6.3,1.23,50.11,14.09,1.62,40.57
-12.63,-4.05,8.08,-0.07,0.63,6.52,51.94,4.22,1.5,278.74,17.89,10.18,21.16
10.45,-15.29,6.74,0.23,0.56,6.4,94.91,2.61,5.19,301.85,18.56,16.99,18.71
-3.14,12.99,9.39,-0.12,0.57,6.74,82.85,4.09,17.08,627.25,21.88,10.66,22.46
2.14,-8.49,10.64,0.03,0.66,5.95,84.09,1.77,15.59,484.45,17.01,13.62,27.97
-3.68,42,5.25,-0.19,0.39,6.89,56.44,8.99,8.67,365.96,16.62,5.18,27.81
4.17,34.31,4.97,0.14,0.56,6.06,62.48,4.43,0.2,214.63,15.88,10.32,25.7
-10.64,34.83,-0.31,0.23,0.46,6.53,50.41,4.25,0.64,242.96,17.08,7.18,30.78
3.55,40.57,14.76,0.33,0.47,6.67,56.43,5.98,10.37,468.99,17.84,3.75,31.37
-12.93,1.09,10.9,-0.18,0.63,6.37,98.04,3.13,3.63,389.76,14.62,14.83,19.6
15.95,21.78,13.63,-0.16,0.62,6.55,79.49,2.61,22.45,656.63,17.54,10.04,33.85
6,20.6,6.54,0.27,0.52,6.15,54.09,4.88,12.36,448.04,20.9,14.75,11.07
-7.44,30.16,9.44,-0.32,0.61,5.74,54.79,3.83,12.36,464.46,15.26,11.05,19.61
-6.89,46.18,7.17,0.7,0.35,6.76,23.53,7.94,8.05,247.81,18.59,-0.74,32.93
9.51,-19.49,20.1,0.32,0.64,5.56,103.79,1.56,19.35,564.28,21.91,18.4,18.15
8.46,63.72,12.53,0.25,0.47,6.48,23.83,7.35,12.74,558.49,21.92,17.59,4.06
-2.34,-7.95,12.26,-0.13,0.58,5.99,85.27,3.39,13.84,400.8,16.38,16.67,17.8
4.28,8.64,6.9,0.18,0.62,6.31,88.41,2.43,9.43,328.01,16.49,10.43,26.54
6.9,23.58,13.83,-0.15,0.56,6.2,44.79,4.52,11.47,504.16,19.4,8.56,22.91
17.65,2.53,11.02,0.15,0.57,6.19,64.35,3.47,12.7,466.55,15.95,9.03,30.52
-8.95,64.27,-0.22,-0.44,0.41,6.58,28.61,7.93,-4.26,111.47,16.24,0.67,29.34
6.81,-5.34,17.64,-0.01,0.65,6.1,72.57,2.44,14.2,467.77,19.93,19.29,23.01
-3.38,56.66,8.2,0.39,0.61,6.71,69.6,5.75,5.48,390.59,16.5,13.62,23.75
9.86,-20.23,9.74,-0.38,0.59,7.1,79.94,3.02,14.77,454.85,18.83,7.74,29.31
18.65,-57.68,28.03,0.58,0.96,5.98,139.53,-2.77,22.23,662.56,19.51,22.14,18.49
19.04,0.46,8.83,-0.03,0.52,7.79,36.57,2.55,23.33,480.01,21.53,7.16,33.5
-5.24,-9.49,4.6,-0.32,0.5,5.88,72.02,3.48,6.4,300.57,20.93,7.44,17.27
8.19,-8.87,21.85,0.26,0.73,5.76,95.4,1.39,21.03,714.15,18.11,26.21,14.91
-15.35,45.24,15.36,-0.01,0.6,7.19,80.66,3.39,0.04,318.9,13.25,5.14,36.34
7.7,60.93,4.57,-0.21,0.4,7,64.7,6.38,-3.06,174.06,16.76,15.9,22.71
5.42,18,9.35,-0.22,0.42,6.18,15.33,6.66,-2.29,272.03,17.94,4.38,14.65
7.85,71.35,0.99,0.35,0.53,6.31,37.27,5.9,10.73,432.93,18.05,10.74,28.15
2.78,69.72,-3.76,0.08,0.25,5.89,-1.11,9.63,-6.58,196.63,18.54,12.95,15.47
-3.5,37.85,5.34,0.27,0.53,6.26,32.19,3.94,5.25,438.62,14.9,6.04,30.54
-7.17,56.55,7.58,0.12,0.5,5.87,43.54,6.59,3.29,300.27,17.99,12.79,21.86
0.42,36.99,3.52,0.1,0.41,6.87,20.62,7.34,-2.82,225.93,18.91,6.98,20.64
-8.17,7.55,20.71,0.46,0.59,7.39,100.91,1.47,17.32,526.25,23.44,13.7,28.2
2.53,30.31,4.92,-0.22,0.41,7.05,12.5,5.41,14.22,354.69,18.88,0.02,31.92
8.52,60.74,2.21,0.25,0.39,6.37,4.72,7.51,12.53,400.03,18.08,7.34,32.97
20.95,-7.89,18.62,-0.04,0.6,5.11,69.29,3.23,14.32,521.26,20.44,24.97,5.76
6.45,0.15,26.36,0.42,0.68,6.54,100.21,1.11,19.87,622.19,18.21,17.37,17.41
-8.76,25.38,5.28,0.34,0.5,6.54,46.29,5.99,12.83,480.93,17.08,-3.17,40.21
3.46,13.71,17.66,0.42,0.64,6.82,80.48,1.45,8.27,345.4,15.37,15.02,34.45
8.29,24.25,1.49,-0.07,0.5,6.12,80.22,4.94,14.56,496.1,19.91,15.96,17.39
-8.07,65.89,-3.42,-0.11,0.37,7.29,-7.31,6.45,-1.7,217.26,15.64,5.13,28.32
11.28,-3.32,11.49,0.28,0.61,6.27,72.49,1.7,11.39,435.89,21.61,8.69,26.5
11.6,17.21,5.68,-0.02,0.51,6.93,86.63,2.73,10.38,400.25,20.24,14.69,19.64
5.84,5.72,8.06,-0.49,0.58,5.94,59.48,2.93,16.33,497.7,21.08,15.71,26.45
-3.99,-11.58,5.37,0.1,0.48,7.65,70.84,4.36,4.37,243.31,16.37,6.61,40.04
1.05,4.84,14.36,0.19,0.62,6.59,133.35,2.23,8.01,467.71,19.42,25.75,24.68
6.46,31.55,17.34,-0.32,0.69,5.9,71.08,4.08,17.8,552.64,19.26,15.67,21.44
4.91,0.88,9.47,0.06,0.59,6.46,95.22,4.25,16.97,460.19,21.82,17.06,20.5
12.6,5.86,15.08,0.4,0.72,6.16,92.83,1.67,31.6,818.83,21.47,19.9,11.44
4.58,13.58,9.33,0.15,0.56,5.29,58.81,4.17,7.32,368.26,18.99,12.26,7.84
3.26,13.15,11.48,0.44,0.49,5.77,54.16,3.18,5.05,333.26,16.8,8.75,22.84
1.34,46.87,4.69,0.39,0.43,6.2,30.92,5.8,2.87,133.84,19.91,10.66,32.83
7.46,-7.91,2.31,-0.1,0.5,5.93,55.48,5.78,0.5,303.18,18.62,14.31,19.12
4.64,10.12,9.13,0.23,0.62,6.7,87.45,3.23,10.84,345.95,19.69,6.86,20.59
5.84,19.66,15.42,-0.22,0.55,6.29,76.04,2.73,14.05,480.89,19.45,18.19,20.64
3.29,18.96,18.58,-0.2,0.73,6.11,101.65,1.95,13.15,519.34,20.61,20.57,17.92
2.55,-5.31,14.94,0.22,0.52,6.03,97.5,3.64,14.18,446.91,19.05,13.45,22.17
-14.68,-11.89,7.1,0.44,0.44,7.33,71.16,4.54,1.62,268.88,21.73,5.9,20.69
3.57,-16.02,8.03,-0.16,0.58,7.16,98.62,1.16,-0.26,260.1,18.04,19.96,24.57
6.27,28.47,5.61,0.14,0.47,6.36,80.62,6.31,9.32,348.61,20.29,8.69,18.51
-0.05,18.43,8.22,0.2,0.42,6.25,84.88,6.07,10.23,384.86,20.25,16.98,11.03
-4.65,5.81,18.53,-0.23,0.53,7.21,49.31,4.7,7.77,410.64,19.85,8.54,20.71
-1.56,38.93,10.25,-0.22,0.54,6.83,42.7,4.94,9.15,544.44,21.92,9.82,22.25
2.66,-2.61,21.76,0.39,0.74,7.02,137.51,0.19,21.92,691.47,15.87,21.65,22.35
1.09,19.52,18.33,0.51,0.79,7,98.77,1.37,15.02,599.67,15.52,16.26,36.65
1.01,14.65,7.11,-0.02,0.37,6.59,35.51,6.96,-2.83,270,17.97,0.24,30.4
8.66,13.84,10.28,0.35,0.6,5.87,76.18,1.79,19.27,571.84,22.15,17.12,15.03
14.28,-29.83,17.09,-0.5,0.69,5.52,78.67,1.1,16.44,555.28,20.74,10.64,12.9
3.32,-25.52,15.16,0.28,0.56,5.8,86.52,1.76,6.6,374.1,20.01,11.54,19.73
2.65,7.79,14.11,0.23,0.47,6.85,61.06,4.53,2.9,308,18.65,9.86,22.92
-9.93,47.3,6.92,0.37,0.46,6.82,40.19,6.61,-1.05,262.2,16.01,5.73,30.23
-1.23,56.84,2.13,-0.06,0.43,7.42,16.7,7.27,-1.76,158.2,15.92,-8.66,44.88
8.68,-2.23,20.62,0.18,0.63,6.8,85.41,3.69,14.73,474.64,18.25,13.69,15.47
2.03,27.14,2.21,0.03,0.38,6.79,46.4,6.67,0.93,192.52,17.57,6.36,30.25
5.07,25.38,11.75,-0.06,0.69,6.37,126.41,2.1,13.37,567.02,16.51,21.94,29.85
5.03,-28.4,26.88,0.58,0.75,5.38,83.18,1.33,10.75,567.51,19.9,19.51,10.78
6.47,7.67,8.04,0.19,0.55,5.44,57.88,4.77,9.41,373.09,20.31,12.47,13.2
-1.01,40.69,-0.94,0.46,0.41,7.61,51.11,2.24,3.76,317.34,13.01,-3.15,45.52
6.65,-9.05,19.36,0.12,0.77,6.56,139.03,-1.23,11.22,446.44,19,19.34,27.71
-12.91,45.37,-0.11,0.31,0.37,6.73,26.95,7.68,4.46,236.13,21.3,5.59,25.85
-7.79,31.58,4.52,0.08,0.39,6.54,94.06,6.15,-0.31,201.3,17.53,8.77,36
0.66,-13.13,12.36,-0.16,0.64,6.67,88.16,3.76,8.22,387.93,20.35,12.37,22.21
3.51,2.56,1.44,0.16,0.53,6.71,65.91,4.12,16.59,415.61,19.38,11.2,16.81
1.04,-3.68,10.53,0.39,0.56,7.21,74.12,3.9,9.15,468.28,19.16,5.18,27.18
-18.27,27.94,-3.81,0.12,0.55,7.03,40.85,5.26,-6.18,78.16,11.92,-2.41,28.77
-11.65,7.21,7.47,0.15,0.39,6.74,13.07,5.43,5.55,229.35,18.45,11.07,34.78
7.02,-13.64,7.78,-0.47,0.52,6.25,65.62,3.1,3.51,321.69,18.55,16.07,14.23
0.78,0.16,12.8,0.31,0.54,6.25,93.07,2.75,5.1,295.26,19.71,15.1,19.24
-1.19,-21.88,13.62,-0.09,0.55,6.01,71.26,3.94,2.12,287.66,17.69,12.6,21.27
-6.35,37.3,3.75,0.28,0.24,6.98,20.02,8.08,-6.97,73.55,19.14,-9.47,33.47
-3.33,42.6,2.18,-0.24,0.34,6.29,8.91,7.81,-5.76,257.25,17.11,5.88,19.8
-7.15,26.43,9.69,0.34,0.52,6.68,40.17,4.31,-9.04,274.03,17.42,6.12,35.6
1.07,43.53,14.27,0.53,0.62,7.06,62.38,3.25,1.95,283.59,15.3,4.61,37.09
21.2,-14.42,25.37,-0.41,0.55,6.55,117.4,1.32,16.5,570.57,23.9,23.55,18.57
-6.75,-6.8,11.58,-0.1,0.55,7.31,63.14,1.42,6.78,336.93,21.89,6.65,23.67
10.76,0.95,14.33,0.26,0.64,6.02,109.71,1.87,2.65,301.99,17.01,16.97,13.28
13.12,13.03,9.58,-0.21,0.6,6.22,67.66,4.59,15.03,468.03,17.78,19.99,23.11
12.69,-10.03,10.65,-0.3,0.53,6.93,81.7,2,17.48,503.1,18.24,14.35,25.18
6.83,-2.19,3.04,0.2,0.6,6.97,92.45,2.2,5.43,179.8,15.12,14.3,30.44
15.32,-15.6,14.32,0.1,0.58,6.22,61.69,2.34,14.79,478.39,20.37,18.2,14.21
8.7,-4.57,22.7,0.14,0.66,5.16,102.7,1.77,13.44,539.32,20.15,24.34,14.6
-0.76,3.69,14.33,0,0.58,6.27,75.56,1.05,0.89,292.86,16.38,25.32,23.81
5.61,21.5,4.86,0.04,0.45,5.76,42.96,5.44,17.31,460.91,19.88,5.78,18.07
-7.87,13.5,9.6,-0.58,0.5,6.11,110.68,2.62,-8.13,143.87,18.12,13.03,18.94
-6.76,42.18,0.94,-0.42,0.35,7.06,53.98,6.48,-1.16,152.86,18.87,11.22,28.1
-3.7,45.34,8.32,0.59,0.48,6.24,79.35,7.13,-1.12,239.15,18.79,11.68,25.59
5.77,14.29,14.21,0.05,0.57,5.87,53.32,5.12,11,481.74,19.15,16.18,18.2
10.14,4.2,6.51,-0.14,0.43,6.52,38.45,5.8,8.52,415.45,19.83,4.72,27.79
19.93,21.94,8.17,-0.25,0.58,6.54,57.56,5.34,15.31,505.53,19.45,10.33,22.48
8.01,-18.91,14.64,0.12,0.53,5.01,112.85,0.95,10.37,437.48,21.58,23.72,10.16
-0.64,26.33,12.47,0.32,0.61,5.38,83.96,4.76,6.02,379.08,16.34,16.38,20.65
5.45,-5.54,13.58,-0.18,0.52,5.69,70.88,3,11.18,411.61,17.8,12.32,25.54
1.53,74.91,6.92,-0.12,0.41,6.28,30.24,7.74,1.02,273.46,18.03,12.54,25.74
-2.37,3.73,7.12,0.49,0.5,5.94,75.06,5.01,-0.56,336.13,19.64,9.02,31.21
4.48,5.1,6.67,-0.1,0.43,5.89,73.26,4.77,6.25,303.17,23.81,10.35,11.67
-0.96,25.67,19.27,0.25,0.59,4.81,50.43,5.32,13.96,592.67,17.96,19.29,18.87
-8.28,55.19,-0.02,-0.08,0.45,6.41,22.36,7.42,-4.91,177.4,14.89,7.42,33.3
20.35,7.93,8.29,0.21,0.66,5.63,96.18,0.37,19.36,597.8,16.39,24.68,12.84
14.66,-25.79,17.71,0.35,0.68,5.6,91.49,0.39,15.68,452.01,16.75,16.52,25.15
3.45,29.49,12.85,0.21,0.54,7.15,58.03,4.18,8.18,454.98,15.8,13.13,34.3
-15.4,15.55,1.86,0.06,0.34,7.27,15.14,7.45,-13.02,30.24,13.8,-8.47,40.23
12.76,2.48,7.39,0.2,0.47,6.4,50.9,3.16,13.67,373.15,16.51,11.34,27.47
-5.17,-22.21,14.26,0.13,0.49,6.09,93.84,2.84,0.67,212.54,23.36,13.53,17.16
-5.1,17.92,8.86,-0.17,0.51,7.67,93.41,3.67,7.33,341.34,16.74,6.77,32.01
7.2,39.81,15.6,0.23,0.5,5.63,83.37,3.2,6.03,383.47,15.71,18.89,23.47
-1.56,38.51,6.12,0.37,0.46,6.78,58.14,5.02,11.46,407.33,19.43,-1.32,39.5
8.41,16.2,12.75,0.61,0.72,6.56,86.24,2.28,13.24,515.12,16.91,13.45,27.55
5.17,63.34,7.8,0.15,0.4,6.03,38.32,6.39,14.33,515.71,20.29,8.69,19.83
5.18,-41.34,14.45,0.25,0.68,5.73,100.13,0.62,7.08,334.03,18.81,13.72,22.83
0.23,-31.57,28.69,0.34,0.71,5.18,110.02,-1.29,12.48,502.15,19.88,22.03,16.53
3.04,17.06,19.3,-0.02,0.58,5.51,55.49,3.71,7.78,475.34,19.54,20.49,13.12
8.16,15.18,11.82,-0.07,0.58,6.03,70.62,3.41,9.2,417.37,20.59,17.94,24.67
15.99,29.54,13.93,-0.16,0.6,6.87,76.99,0.82,23.03,650.58,18.09,13.34,27.96
3.68,-21.8,17.23,0.17,0.62,4.93,81.39,2.94,8.37,394.2,17.93,25.1,13.13
7.96,17.05,12.25,-0.73,0.67,5.79,72.12,4.75,9.79,554.82,19.63,18.14,6.11
4.76,30.26,-12.14,0.29,0.23,7.95,29.66,7.9,-12.94,47.99,17.45,-0.66,43.06
7.23,11.36,7.43,0.53,0.59,7.13,77.07,3.95,6.4,286.03,18.25,14.6,22.11
5.7,47.07,8.75,0.42,0.51,5.84,31.7,7.15,11.88,501.07,16.11,5,25.16
-4.47,7.45,5.35,0.6,0.55,7.28,52.5,5.15,3.15,301.32,13.22,9.04,33.12
-0.45,50.8,3.74,-0.66,0.49,6.89,40.82,6.64,8.89,383.67,14.92,4,32.02
-1.77,34.18,5.14,0.2,0.44,7.31,48.17,1.68,-8.35,87.05,15.51,-0.93,47.26
9.39,48.45,1.43,-0.31,0.36,7.18,37.33,7.49,0.94,229.02,16.96,11.53,24.89
13.97,15.26,23.64,0.02,0.68,6.22,100.03,2.29,22.43,663.54,21.32,23.66,8.76
-2.54,2.54,16.23,0.52,0.5,5.69,35.26,4.54,10.13,491.24,21.61,10.48,12.66
-1.66,-7,14.68,0.07,0.54,6.21,81.72,3.57,6.23,433.24,21.89,12.25,17.69
-9.74,-2.28,13.7,0.25,0.55,5.28,63.48,5.22,-4.02,232.33,19.18,4.77,17.61
18.15,28.13,24.21,0.37,0.7,4.87,60.83,4.95,13,625.89,19.15,22.16,16.75
-5.76,33.22,-1.17,0.33,0.48,6.44,19.54,5,3.86,270.23,15.83,3.17,35.7
-0.29,40.94,16.86,-0.18,0.65,6.02,94.29,3.69,15.43,570.25,17.4,21.6,19.71
-3.89,-33.69,19.23,0.52,0.64,5.39,96.74,0.38,10.3,453.97,19.91,25.33,14.05
9.89,-1.6,15.88,0.04,0.71,5.17,102.62,0.94,16.89,576.04,15.82,19.46,14.54
1.42,29.87,8.32,0.23,0.49,6.44,56.13,6.11,2.8,291.89,16.21,5.55,29.95
-2.61,-13.45,14.52,-0.09,0.6,6.16,108.21,2.8,-3.21,226.21,18.66,20.03,15.15
-12.77,-1.85,6.45,-0.22,0.51,6.11,92.41,3.67,-2.26,212.61,18.26,10.54,28.85
-13.2,37.07,3.86,0.11,0.39,6.3,23.38,5.55,-12.36,124.75,16.08,8.94,20.18
12.03,30.46,15.73,-0.26,0.52,6.34,77.7,3.18,4.92,296.89,17.34,14.87,30.79
9.63,15.13,21.67,0.71,0.68,7.05,95.41,1.91,29.39,796.78,18.48,11.57,33.91
12.2,-7.03,15.39,0.07,0.77,6.63,126.03,-0.89,22.2,585.59,21.52,14.29,22.91
0.64,1.06,5.77,-0.51,0.41,6.26,66.12,6.21,3.45,307.81,18.68,13.59,20.86
8.03,1,7.09,0.12,0.52,7.15,108.28,2.59,9.49,395.32,17.28,12.83,30.96
7.16,15.09,11.79,0.24,0.51,6.04,52.33,6.03,4.02,285.78,17.8,17.01,19.9
7.46,-6.09,14.01,0.14,0.57,7.23,45.19,0.43,16.77,597.86,17.4,7.16,26.13
-3.64,33.29,11.73,-0.05,0.51,5.36,46.47,7.64,9,437.08,22.22,15.26,4.16
-6.9,57.21,-8.61,0.2,0.31,7.23,13.05,7.41,-3.32,107.31,17.27,-1.55,35.15
-0.59,-1.35,16.09,-0.17,0.69,5.58,107.76,1.28,8.93,452.46,18.72,22.11,16.76
7.58,29.16,-2.82,-0.2,0.47,7.45,34.65,6.46,1.86,222.28,16.19,-0.83,36.97
5.55,-10.72,19.02,-0.27,0.56,5.33,85.99,2.2,21.91,679.49,17.54,21.97,16.83
-10.78,22.14,6.52,0.1,0.57,7.11,80.92,5.31,2.27,245.3,18.35,9.15,25.13
0.27,-18.28,12.83,-0.19,0.6,6.27,52.12,4.86,9.37,323.11,18.5,18.87,16.3
14.74,-1.77,17.9,0.51,0.71,6.94,129.51,3.89,31.77,792.95,21.34,21.22,11.6
14.03,-7.77,11.23,0.04,0.58,5.94,90.24,1.61,6.07,135.18,17.32,15.44,25.37
3.06,20.34,14.41,-0.09,0.54,4.97,59.39,4.59,7.89,417.15,18.43,16.62,23.43
7.64,48.58,-1.06,-0.05,0.33,8,6.08,7.8,0.13,94.64,16.08,5.26,32.17
13.12,13.12,10.57,0.06,0.56,7.13,63.13,5.18,17.87,608.48,19.71,9.88,20.3
1.52,0.27,5.88,0.5,0.62,6.54,114.64,2.18,-0.15,210.65,17.57,15.25,26.56
2.39,-3.08,16.62,0.2,0.54,7.09,75.46,0.81,4.41,443.45,16.95,7.63,26.41
1.15,15.8,14.52,-0.03,0.56,6.97,68.04,2.76,12.19,382.63,19.31,11.95,22.02
-4.23,5.47,5.54,-0.39,0.53,7.23,97.81,3.74,1.14,311.47,19.02,6.19,24.34
16.01,19.17,15.55,-0.25,0.69,5.39,89.73,3.91,20.91,623.96,20.2,21.82,11.01
-9.65,33.42,7.77,-0.01,0.38,6.3,33.95,6.3,1.01,296.49,17.98,6.57,28.24
-1.42,32.99,10.01,0.62,0.45,6.61,40.06,5.19,5.92,305.36,18.66,13.13,31.73
1.21,23.88,4.23,-0.13,0.5,6.25,27.29,5.04,11.06,380.3,19.42,10.54,22.74
-2.51,33.17,8.97,0.33,0.55,6.04,59.42,5.9,-3.12,228.34,18,8.56,23.49
-19.69,12.37,5.13,0.06,0.5,6.64,18.67,5.8,-5.03,236.57,17.98,3.65,29.44
-6.49,18.78,11.66,-0.07,0.55,6.96,64.39,2.83,7.88,481.97,14.63,4.51,37.97
-8.72,55.43,14.93,0.14,0.59,6.98,79.52,4.94,-5.21,219.65,13.28,6.91,31.29
13.97,6.44,9.86,-0.01,0.46,6.59,56.77,5.34,2.36,296.57,22.33,18.17,10.98
6.3,4.28,9.71,0.04,0.51,6.27,70.91,1.99,9.37,374.4,17.98,6.08,31.37
-0.47,36.99,6.7,-0.2,0.39,6.48,36.41,4.28,3.82,257.13,16.34,12.75,24.06
-6.56,28,7.73,0.53,0.55,6.97,87.41,4.71,9.06,349.68,17.16,10.17,33.14
-1.79,25.56,17.26,0.08,0.53,6.88,76.03,2.64,8.15,565.72,16.9,7.19,24.95
7,-7.06,14.11,-0.07,0.51,5.96,40.95,5.07,16.23,549.69,18.86,0.1,26.67
-3.29,-12.73,24.46,0.35,0.73,7.3,120.73,0.2,13.18,529.11,18.06,11,31.49
2.47,13.97,14.27,-0.05,0.67,5.17,83.39,1.53,7.09,351.82,14.93,21.37,21.42
8.57,33.09,25.7,0.12,0.51,6.92,31.16,4.49,15.78,577.77,21.52,5.89,26.73
-9.46,2.71,9.17,0.32,0.62,6.69,65.2,3.67,0.73,196.5,16.17,8.32,36.61
0.61,-7.1,12.59,-0.31,0.7,5.65,84.14,2.43,12.86,449.65,18.61,18.27,11.78
12.1,1.95,12.1,-0.13,0.59,6.79,95.11,3.14,22.62,578.67,17.97,17.7,20.24
5.31,45.01,0.6,0.01,0.36,7.04,39.8,7.06,8.79,338.06,16.38,1.91,33.1
9.03,55.06,-2.8,0.43,0.31,7.29,24.85,5.98,-3.6,159.33,18.3,4.24,33.35
8.45,-3.56,14.03,-0.08,0.57,6.79,95.99,1.53,20.4,602.52,19.15,18.09,22.93
5.81,0.81,9.72,-0.02,0.47,5.44,49.04,5.86,22.89,609.76,24.51,12.22,7.95
8.07,8.44,12.33,0.35,0.63,6.76,68.49,1.53,10.05,491.72,15.52,15.99,16.61
6.04,-34.7,17.65,0.07,0.7,7.2,113.13,0.12,20.86,643.79,16.6,10.41,21.73
7.17,22.05,11.3,0.08,0.49,5.49,78.05,4.99,2.62,410.15,16.8,6.88,14.77
0.41,63.62,7.32,0.09,0.43,7.31,38.63,6.08,-2.34,307.87,16.1,6.98,31.01
-9.19,16.59,9.78,0.29,0.75,7.96,93.66,1.85,7.59,346.93,15.77,9.65,36.35
10.99,2.7,13.28,0.01,0.58,5.69,62.19,3.36,11.75,342.99,18.13,11.43,22.41
-5.88,33.86,10.44,-0.09,0.41,6.35,62.3,4.63,4.88,411.34,17.89,10.89,31.49
26.23,3.03,11.88,-0.19,0.58,6.54,70.62,5.08,26.42,707.73,20.61,13.07,12.41
16.69,-3.31,19.83,-0.26,0.68,5.33,90.55,3.47,22.27,709.94,20.83,14.01,12.76
18.03,47.44,10.72,0.03,0.56,5.67,69.69,3.82,17.43,596.92,18.94,15.34,17.7
14.38,-8.36,18.75,0.3,0.68,7.83,95.03,-0.76,14.89,457.47,19.56,14.37,34.22
-5.63,25.02,10.83,0.55,0.52,5.14,49.66,4.67,11.43,326.61,21.31,16.53,21.67
10.24,12.09,5.58,-0.09,0.51,7.09,33.87,5.04,13.4,492.64,19.06,7.17,28.69
11.67,-3,10.07,0.06,0.68,7.04,69.56,1.43,21.43,522.1,20.64,17.78,28.01
1.13,19.4,11.27,0.28,0.5,5.79,69.65,6.86,11.73,420.39,19.04,16.12,20.09
9.93,-8.57,22.57,0.37,0.62,6.36,88.17,2.48,7.67,492.49,17.27,11.39,30.66
0.54,22.74,8.12,0.09,0.65,6.15,97.69,3.1,-4.16,197.57,13.98,19.18,21.79
-2.7,34.04,10.66,-0.1,0.54,5.84,56.13,4.3,1.57,364.65,18.57,11.45,25.49
5.81,21.01,8.94,0.31,0.49,6.74,52.95,4.74,12.42,412.66,16.23,5.03,28.83
10.53,9.76,16.55,-0.32,0.69,5.17,100.57,2.13,8.26,479.23,18,20.44,7.86
7.99,-48.71,14.64,0.3,0.55,5.72,76.98,2.84,-0.59,303.63,20.03,7.99,20.39
4.86,45.53,11.54,-0.16,0.45,7.13,36.3,5.59,5.49,284.98,16.27,6.18,33.88
9.78,11.06,14.89,0.06,0.62,6.23,60.51,3.71,15.89,585.52,18.42,11.47,14.44
-2.36,2.03,18.17,0.22,0.49,6.78,91.27,1.9,13.97,384.2,19.02,12.45,33.23
2.17,25.77,1.04,0.45,0.41,6.93,24.77,5.39,8.89,281.05,16.56,3.03,34.62
-1.7,32.86,6.88,0.05,0.55,4.95,41.78,6.5,-2.3,114.78,18.62,12.26,14.35
6.09,27.66,17.41,0.03,0.61,6.32,40.83,2.61,18.08,581.57,18.25,7.61,33.28
12.83,-12.5,22.18,0.03,0.64,5.46,98.67,3.19,15.5,562.01,21.84,25.05,4.75
-12.76,35.18,-1.52,-0.17,0.28,6.52,30.51,9.12,-15.65,66.77,17.8,2.05,28.04
19.16,20.58,19.11,0.16,0.59,5.09,44.26,1.43,19.12,692.79,20.15,24.5,14.74
3.29,-14.93,16.95,0.36,0.62,6.43,105.97,2.04,24.88,632.67,22.47,14.96,20.78
-0.55,11.92,4.67,0.35,0.46,6.52,59.6,3.71,13.72,396.56,20.18,7.16,30.68
1.4,9.3,13.1,0.05,0.59,6.52,46.94,4.84,9.34,422.26,18.41,10.15,26.87
2.07,13.2,18.24,0.34,0.58,4.98,39.73,5.02,20.87,519.43,20,17.31,19.87
4.81,14.68,9.98,-0.01,0.67,6.69,72.59,3.48,10.38,402.96,15.4,9.13,18.9
3.63,25.7,19.72,0.04,0.66,5.56,86.7,2.62,0.52,405.95,20.6,25.05,17.75
0.53,22.36,19.41,0.02,0.72,6.42,104.93,1.52,16.96,598.61,18.38,17.19,18.74
9.61,8.1,13.33,0.31,0.64,6.97,47.33,4.72,23.36,572.01,17.25,13.15,23.98
-7.18,29.33,11.13,0.32,0.49,6.44,55.13,4.98,-3.89,267,17.41,14.24,26.83
3.78,65.28,3.03,0.31,0.46,7.18,29.49,8.13,12.6,525.68,14.73,3.78,37.94
7.8,-17.44,10.4,-0.03,0.66,7.04,70.53,3.9,14.08,423.71,20.34,8.81,18.96
1.87,-25.41,14.29,0.62,0.7,6.74,98.49,0.9,19.75,580.62,16.47,14.93,30.46
4.99,-21.87,16.41,-0.09,0.64,5.45,82.25,3.73,17.8,462.07,19.34,22.61,7.56
1.18,13.34,11.26,-0.38,0.61,5.69,85.26,4.64,5.11,417.95,20.59,16.06,9.36
9.95,-0.73,15.02,0.43,0.58,6.58,52.92,3.39,4.15,422.78,15.92,7.19,25.02
21.39,20.39,18.71,0.31,0.78,5.27,93.07,2.24,31.09,792.48,22.3,19.13,11.63
-4.83,47.86,5.16,0.19,0.41,5.84,15.51,8.03,-0.08,195.87,16.85,7.53,26
-20.23,16.52,3.48,-0.04,0.53,5.77,66.1,7.7,-8.84,99.11,15.67,20.55,17.87
-1.53,-9.6,11.47,0.23,0.58,6.23,89.06,2.74,17.43,581.4,20.21,16.05,16.55
3.88,25.09,3.36,-0.09,0.4,6.87,60.74,3.47,3.88,143.36,15.57,-0.64,43.09
-2.92,18.39,7.7,0.02,0.5,6.63,39.73,5.59,15.02,492.57,19.16,0.25,35.38
2.96,20.37,10.43,0.49,0.56,6.96,77.92,2.86,13.75,445.33,21.84,8.1,33.65
1.22,34.68,4.3,-0.27,0.39,6.29,53.81,4.38,-2.47,152.59,19.26,9.91,26.18
17.09,21.5,18.35,0.46,0.54,5.35,55.53,4.03,14.88,593.41,20.43,16.34,21.94
16.97,-32.45,25.21,0.17,0.77,5.19,117.29,0.42,23.62,743.04,22.13,22.38,1.74
-6.85,5.13,5.65,-0.18,0.55,5.48,69.26,4.61,0.44,196.26,20.04,15.1,27.31
11.49,17.22,14.2,-0.05,0.67,5.47,88.62,1.76,23.85,551.56,19.89,23.14,17.36
1.77,26.21,24.48,0.19,0.65,5.97,77.98,4.33,8.92,512.53,17.78,14.1,21.48
-7.09,48.04,-0.09,0.32,0.44,6.15,2.84,6.15,-13.27,-31.85,15.33,2.19,35.43
-7.65,38.45,7.1,0.17,0.45,5.46,66.88,6.58,1.39,270.62,17.06,18.18,12.5
1.56,56.65,-0.23,0.16,0.43,7.22,16.65,7.89,1.12,273.34,14.61,2.35,38.4
3.41,29.65,9.71,0.11,0.6,5.61,78.08,2.29,18.99,552.67,17.55,15.56,31.52
13.38,28.43,5.94,0.14,0.25,5.51,39.63,7.13,11.05,387.52,23.49,9.3,22.69
-11.97,25.64,12.21,0.13,0.56,6.35,52.8,4.06,9.57,402.28,19.69,13.14,19.25
1.9,16.11,4.83,-0.16,0.47,5.25,67.69,4.43,9.6,369.44,15.74,15.69,31.2
-0.91,23.96,11.2,0.63,0.56,5.33,61.82,4.52,3.99,391.76,16.56,11.95,26.28
13.86,28.98,16.15,0.3,0.57,5.24,69.08,3.41,16.84,550.14,20.83,28.78,15.82
-9.46,39.47,0.89,-0.1,0.5,6.51,73.1,8.41,3.33,311.88,15.49,9.57,20.97
-0.28,3.62,13.51,0.39,0.71,5.68,107.66,3.51,7.37,349.74,16.96,19.06,18.28
-5.06,19.34,17.78,0,0.56,5.53,88.05,2.08,2.04,325.5,18.42,14.25,19.09
-4.77,71.39,5.79,-0.18,0.36,7.34,1.13,8.85,-0.31,302.09,19.31,3.83,33.97
17.92,-2.57,22.98,-0.22,0.78,4.96,106.56,2.38,27.83,738.99,21.16,31.84,1.75
-6.87,-3.82,14.17,0.23,0.61,5.61,55.68,3.21,14.22,520.18,18.72,19.36,23.94
-4.59,11.12,17.78,-0.09,0.65,4.43,78.83,2.67,16.61,586.52,23.7,23.38,10.13
11.69,14.92,18.09,-0.17,0.66,6.26,112.24,3.54,23.74,713.03,19.64,16.78,17.49
-0.56,-6.92,12.76,-0.01,0.48,5.75,83.68,4.53,11.35,339.56,20.56,12.41,8.46
10.26,1.59,16.54,0.22,0.58,6.67,92.99,-0.13,11.32,456.31,19.12,23.29,18.1
1.98,27.17,5.17,0.22,0.4,5.77,76.01,8.04,-1.89,243.94,16.19,20.26,18.42
12.93,-12.58,23.97,-0.17,0.71,5.17,105.8,0.72,14.07,566.77,20.95,21.28,11.06
13.43,39.72,13.99,0.24,0.57,6.25,84.18,3.27,5.61,374.77,18.81,8.4,15.06
3.73,-13.18,14.96,0.38,0.74,6.24,99.88,1.78,22.51,676.79,20.38,19.93,16.94
2.28,35.64,13.46,-0.16,0.6,6.05,73.84,4.41,13.44,485.96,20.17,13.35,16.74
-9.69,-12.34,7.32,0.46,0.49,6.92,77.07,3.12,1.94,212.57,17.34,6.27,38.3
11.31,20.31,7.28,-0.16,0.41,5.19,60.29,6.84,10.62,490.97,19.32,11.91,17.62
-6.93,20.65,5.11,0.06,0.34,6.06,14.24,7.32,10.66,300.74,21.53,0.67,22
-1.61,15.5,4.68,-0.14,0.35,5.79,38.38,6.66,4.39,354.59,19.21,8.52,11.73
-5.54,47,-6.22,-0.36,0.27,5.64,8.92,10.23,0.74,174.55,15.48,6.42,21.53
15.82,40.64,15.91,0.05,0.61,6.41,59.05,2.82,17.66,603.35,18.63,11.87,18.54
11.24,14.39,11.84,-0.05,0.62,5.45,75.73,3.82,19.2,573.92,20.93,27.23,15.3
20.17,37.57,12.06,0.38,0.59,7.09,19.82,4.77,24.27,573.87,16.51,7.69,39.41
15.25,20.98,15.57,0.46,0.63,6.19,60.13,4.06,24.18,657.23,18.31,18.93,17.89
6.83,22.59,12.49,-0.16,0.58,6.02,91.55,3.58,17.26,568.78,21.69,12.79,16.91
-7.36,37.87,6.45,0.31,0.38,6.31,54.66,6.05,-1.67,327.96,17.35,16.56,20.55
2.09,-50.3,19.42,0.45,0.72,5.82,82.64,0.75,7.52,307.67,20.16,16.74,24.13
10.63,25.08,9.05,-0.18,0.45,5.24,44.12,3.52,3.86,334.62,20.12,22.79,19.98
7.39,9.41,20.48,0.24,0.74,4.7,104.08,0.72,19.42,674.31,20.36,29.19,7.08
2.22,46.37,5.06,0.06,0.39,6.35,41.74,8.05,11.53,359.99,18.53,15.06,14.04
3.09,-6.38,7.28,-0.38,0.53,6.01,98.82,5.41,-3.62,215.25,19.9,20.87,6.81
2.73,12.16,13.81,-0.33,0.62,5.6,68.16,4.6,9.93,471.73,20.25,22.68,8.95
19.6,1.08,9.94,0.45,0.62,6.39,78.38,3.67,25.53,602.42,18.21,17.4,16.46
-1.95,42.75,9.8,-0.15,0.59,7.04,50.98,3.42,2.99,289.62,13.99,4.99,28.75
-1.49,21.02,9.52,0.16,0.52,7.75,42.03,4.63,12.6,476.25,21.55,8.45,29.93
-8.63,33.94,0.09,-0.1,0.41,7.28,52.07,4.4,3.47,206.82,15.34,-4.33,48.18
-6.58,20.4,10.55,0.05,0.54,6.87,50.6,3.7,-0.47,148.21,14.48,8.6,38.52
18.01,22.33,24.11,-0.26,0.7,6.37,80.35,0.58,11.71,587.46,16.23,19.14,28.19
8.15,-28.3,22.46,-0.14,0.76,6.37,94.91,2.64,16.09,536.66,20.12,13.27,14.48
5.15,-21.99,12.74,0.51,0.72,6.65,87.8,2.83,15.04,499.79,17.99,13.31,32.24
9.8,10.16,12.09,-0.36,0.54,5.55,49.7,4.88,7.74,434.07,18.35,12.36,9.36
13.28,-4.83,7.22,-0.08,0.54,6.71,52.8,2.52,17.1,470.45,19.09,8.57,29.21
16.11,5.87,11.55,0.03,0.69,5.29,76.71,0.32,8.9,426.14,15.26,15.96,24.93
9.05,6.72,6.22,0.02,0.68,6.5,102.03,4.26,8.87,255.14,14.49,16.32,24.88
8.96,23.76,16.3,0.2,0.65,6.53,79.86,4.35,20.19,556.94,18.23,19.37,23.75
16.92,28.67,11.41,-0.05,0.55,6.1,75.41,2.88,12.22,572.52,19.87,22.84,15.37
4.13,20.27,9.29,0.09,0.53,6.81,65.52,3.21,0.61,245.06,15.88,13.78,16.04
4.89,0.76,9.07,-0.11,0.48,6.06,71.11,4.04,13.14,555.77,20.72,9.65,25.42
11.67,-27.29,17.19,-0.01,0.71,6.53,83.43,2.33,18.46,486.24,20.87,14.7,8.68
-5.4,4.02,8.5,0.15,0.42,5.73,31.96,4.33,1.75,234.99,17.24,5.28,23.19
-2.08,16.49,16.06,0.24,0.54,5.7,71.13,3.66,8.78,417.92,20.1,17.61,9.87
12.53,14.09,14.98,-0.07,0.6,5.57,108.23,2.93,13.24,484.52,19.8,19.03,8.03
11.72,-27.9,18.97,0.17,0.62,5.73,88.53,2.55,10.89,579.83,21.2,27.66,2.44
-14.67,-4,5.94,-0.04,0.49,6.9,41.91,4.83,-0.63,152.41,16.9,0.36,29.42
18.5,15.1,24.06,-0.81,0.61,5,76.69,5.77,19.93,640.48,20.75,28.37,4.09
-3.74,-8.24,9.11,0.21,0.54,5.68,77.06,2.57,2.79,362.66,17.01,14.67,11.42
6.2,-6.92,8.25,-0.23,0.67,7.1,90.25,2.58,8.33,382.3,19.62,12.28,25.59
3.23,9.15,9.12,-0.08,0.54,6.75,57.61,3.29,10.75,488.37,18.11,8.81,37.47
11.87,35.35,13.45,-0.01,0.61,5.87,41.08,5.95,19.32,461.38,18.1,14.33,16.19
-2.7,-2.66,15.52,0.41,0.57,4.98,64.63,3.72,11.17,476.12,21.89,22.93,18.02
-2.79,7.89,7.4,0.37,0.48,7.21,60.53,3.7,3.18,267.15,18.56,6.7,31.52
-8.8,28.62,9.91,0.22,0.67,6.07,63.04,2.23,7.68,235.57,18.84,14.4,25.94
-11.92,71.69,1.32,0,0.43,5.64,36.72,7.58,2.36,355.17,17.15,20.15,22.09
6.89,35.79,3.05,-0.59,0.36,6.64,33.17,6.25,9.72,397.18,19.46,12.47,17.75
-1.69,77.62,-5.24,-0.19,0.29,8.05,26.56,8.06,1.58,265.08,15.85,-3.53,49.5
3.57,14.84,3.62,0.09,0.4,6.84,55.9,3.29,-0.96,188.6,16.65,4.75,29.9
-15.54,20.91,5.3,-0.08,0.42,6.77,27.12,6.98,-6.85,99.6,14.58,-0.26,29.28
-12.49,-6.95,11.63,-0.14,0.57,6.88,100.88,2.13,11.65,381.09,16.79,18.13,28.83
2.11,2.64,7.41,0.09,0.6,6.75,62.51,2.64,2.03,212.1,14.93,16.09,29.95
3.1,13.25,13.09,0.49,0.63,6.49,93.7,3.09,13.46,391.41,17.19,22.76,30.24
0.52,16.95,10.96,0.33,0.51,6.97,79.18,2.11,3.67,357.62,15.72,11.42,28.92
7.29,6.81,12.18,-0.07,0.61,5.97,86.36,3.66,6.97,491.68,16.4,13.61,24.49
12.4,12.5,29.94,-0.16,0.83,5.56,85.51,-0.66,37.55,913.53,20.61,24.87,11.17
5.81,9.08,-4.79,0.2,0.44,7.08,34.43,5.62,9.13,188.94,16.63,6.09,31.61
